line_num	word_num	left	top	text	conf
0	0	0	0		-1.0
0	0	91	28		-1.0
0	0	91	28		-1.0
1	0	1213	28		-1.0
1	1	1213	28	|	86.244469
2	0	91	182		-1.0
2	1	91	182	La	12.386276
2	2	921	182	eT	24.245628
3	0	467	258		-1.0
3	1	467	258	Contents	96.912201
3	2	1041	266	|	87.305603
4	0	100	321		-1.0
4	1	100	322	{	92.351578
4	2	1042	321	|	41.500317
5	0	1042	333		-1.0
5	1	1042	333	|	62.125336
6	0	106	589		-1.0
6	1	106	590	Volume	96.163742
6	2	236	590	2:	96.268761
6	3	276	590	Realism.	78.621788
6	4	418	590	Naturalism,	96.037865
6	5	612	590	Modernism	95.568481
6	6	804	595	to	95.568481
6	7	853	589	the	96.774254
6	8	919	590	Present	95.823349
7	0	98	663		-1.0
7	1	98	663	PREFACE	81.796761
7	2	221	664	xx)	53.064861
8	0	96	708		-1.0
8	1	96	708	ACKNOWLEDGMENTS	86.480133
8	2	369	708	xxix	76.99054
9	0	98	753		-1.0
9	1	98	753	INTRODUCTION:	57.996582
9	2	297	753	TALKING	96.166611
9	3	414	753	BOOKS	92.084549
9	4	512	753	axsiii	11.118698
10	0	312	864		-1.0
10	1	312	864	The	96.571671
10	2	385	864	Vernacular	96.156548
10	3	570	864	Tradition,	96.156548
10	4	738	866	Part	96.717651
10	5	817	865	2	96.78347
11	0	99	936		-1.0
11	1	99	936	INTRODUCTION	93.074104
11	2	304	936	4%	75.616211
12	0	98	998		-1.0
12	1	98	998	GosPeEt	52.088909
12	2	1031	1011	n	50.414314
13	0	133	1045		-1.0
13	1	133	1046	This	96.801384
13	2	197	1046	Little	90.580757
13	3	269	1046	Light	96.212837
13	4	341	1041	of	96.783775
13	5	378	1041	Mine	82.374603
13	6	439	1050	¢	61.306629
13	7	471	1050	13	91.049652
14	0	137	1082		-1.0
14	1	137	1083	Down	95.762497
14	2	214	1082	by	96.251083
14	3	248	1082	the	96.436615
14	4	294	1082	Riverside	95.14196
14	5	410	1087	©	63.729416
14	6	441	1085	13	69.365524
15	0	137	1118		-1.0
15	1	137	1118	Freedom	96.2463
15	2	248	1121	in	93.370956
15	3	278	1118	the	93.370956
15	4	323	1119	Air	56.850128
15	5	368	1123	®	55.669655
15	6	400	1121	15	91.266953
16	0	134	1154		-1.0
16	1	134	1154	Tahe	53.288681
16	2	201	1155	My	96.355118
16	3	246	1154	Hand,	96.317215
16	4	327	1154	Precious	88.445351
16	5	437	1154	Lond	35.639603
16	6	500	1159	©	29.681923
16	7	532	1157	15	82.151588
17	0	138	1190		-1.0
17	1	138	1191	Peace	95.863243
17	2	214	1191	Be	93.221123
17	3	251	1190	Scill	57.569511
17	4	319	1194	16	95.518265
17	5	901	1219	;	10.275513
18	0	137	1226		-1.0
18	1	137	1226	Stand	95.798134
18	2	214	1226	by	95.703117
18	3	248	1227	Me	28.533043
18	4	294	1231	®	28.533043
18	5	326	1230	16	72.798317
19	0	102	1287		-1.0
19	1	102	1288	SonGs	76.505524
19	2	211	1295	oF	93.28978
19	3	261	1288	Sociat	69.433853
19	4	383	1287	CHANGE	95.94706
19	5	1034	1295	7	86.902565
20	0	137	1331		-1.0
20	1	137	1332	Oh,	90.718079
20	2	191	1331	Freedom	93.006454
20	3	302	1336	©	78.978348
20	4	333	1334	17	83.230377
21	0	138	1367		-1.0
21	1	138	1367	Ain't	88.351982
21	2	201	1368	Gonna	94.775436
21	3	290	1368	Let	96.160339
21	4	337	1367	Nobody	96.160339
21	5	434	1368	Turn	93.247787
21	6	501	1368	Me	96.727745
21	7	546	1367	"""Round"	64.253685
21	8	639	1372	¢	69.350082
21	9	670	1371	18	70.586311
22	0	138	1403		-1.0
22	1	138	1403	Abel	93.174911
22	2	201	1403	Meeropol:	83.784439
22	3	327	1404	Strange	96.201698
22	4	427	1403	Fruit	81.868347
22	5	492	1408	¢	50.890915
22	6	524	1407	19	92.445572
23	0	139	1438		-1.0
23	1	139	1440	We	96.37487
23	2	185	1438	Shall	96.30468
23	3	253	1440	Overcome	91.555161
23	4	381	1444	*	25.308319
23	5	413	1443	19	95.306793
24	0	140	1475		-1.0
24	1	140	1476	Langston	95.512115
24	2	257	1475	Hughes:	96.026947
24	3	360	1475	The	96.483055
24	4	416	1475	Backlash	48.490753
24	5	531	1475	Blues	92.972916
24	6	603	1480	©	51.14917
24	7	631	1478	20	96.599625
25	0	140	1511		-1.0
25	1	140	1512	Nina	93.737259
25	2	205	1512	Simone:	94.750015
25	3	310	1511	Four	96.30294
25	4	371	1511	Women	95.358124
25	5	470	1516	©	55.502892
25	6	499	1514	21	83.90332
26	0	102	1574		-1.0
26	1	102	1574	Jazz	90.729454
26	2	1032	1580	22	96.91201
27	0	141	1616		-1.0
27	1	141	1616	Duke	96.867294
27	2	213	1616	Ellington:	96.260628
27	3	338	1617	It	89.640022
27	4	365	1617	Don't	90.43354
27	5	436	1617	Mean	96.693771
27	6	510	1623	a	96.624634
27	7	530	1616	Thing	96.670273
27	8	610	1616	(If	78.519424
27	9	647	1617	[t	88.259033
27	10	672	1616	Ain't	77.109833
27	11	735	1617	Got	69.431297
27	12	786	1616	That	96.546783
27	13	851	1617	Swing)	88.613129
27	14	941	1620	¢	65.264481
27	15	970	1619	24	96.235909
28	0	140	1652		-1.0
28	1	140	1652	Andy	93.29866
28	2	210	1652	Razaf:	85.358788
28	3	291	1652	(What	96.530426
28	4	375	1652	Did	95.984291
28	5	426	1654	|	33.196777
28	6	443	1653	Do	96.623055
28	7	485	1658	to	96.92968
28	8	517	1652	Be	96.989777
28	9	555	1653	So)	96.87352
28	10	602	1652	Black	91.432213
28	11	673	1652	and	96.362846
28	12	726	1652	Blue	91.917595
28	13	785	1656	¢	60.565018
28	14	815	1655	25	96.155617
29	0	142	1688		-1.0
29	1	142	1689	King	96.456505
29	2	206	1689	Pleasure:	96.267929
29	3	323	1689	Parker's	38.270515
29	4	422	1688	Mood	93.291351
29	5	498	1693	¢	34.151527
29	6	527	1691	26	96.046875
30	0	112	1791		-1.0
30	1	112	1795	*	64.129326
30	2	128	1791	Indicates	67.485229
30	3	218	1792	madie	22.494278
30	4	275	1791	selection	31.933601
30	5	363	1791	avuilatle	11.970413
30	6	450	1797	on	85.595093
30	7	480	1791	the	93.260109
30	8	516	1791	ScudySpoce]	65.15625
31	0	1043	1845		-1.0
31	1	1043	1845	ix	77.423347
0	0	0	0		-1.0
0	0	122	45		-1.0
0	0	122	45		-1.0
1	0	125	45		-1.0
1	1	125	51	.	70.013657
1	2	170	45	1	32.210182
1	3	212	48	CONTrAESN	23.754433
2	0	125	111		-1.0
2	1	125	111	Riuyeum	0.0
2	2	266	119	anp	64.95668
2	3	342	113	Blues	44.748833
2	4	1050	128	Pr	18.287964
3	0	159	152		-1.0
3	1	159	152	Smokey	96.329185
3	2	259	154	Robinson	95.224297
3	3	378	160	et	83.394691
3	4	411	155	al.	26.421677
3	5	465	155	he’	34.254417
3	6	510	156	Tracks	58.707272
3	7	590	156	of	96.952599
3	8	623	158	My	96.865059
3	9	666	158	Tears	92.18811
3	10	738	163	¢	0.0
3	11	767	162	30	95.119576
4	0	159	189		-1.0
4	1	159	189	Marvin	96.860786
4	2	253	189	Gaye	93.54866
4	3	322	196	et	84.626701
4	4	352	190	al:	32.851738
4	5	397	192	Dancing	96.295738
4	6	503	194	in	96.137878
4	7	534	192	the	96.513985
4	8	579	193	Street	93.262352
4	9	658	198	#	0.0
4	10	687	198	31	86.627579
5	0	158	224		-1.0
5	1	158	225	Otis	96.360168
5	2	217	224	Redding:	96.461792
5	3	333	227	Respect	90.944809
5	4	433	233	*	65.737549
5	5	462	231	32	96.588997
6	0	159	261		-1.0
6	1	159	261	Marvin	96.682243
6	2	253	261	Gaye:	86.314674
6	3	330	263	What's	88.410126
6	4	418	264	Goin’	88.721527
6	5	489	265	On?	92.702126
6	6	546	270	©	26.371979
6	7	576	268	33	93.191032
7	0	158	297		-1.0
7	1	158	297	Stevie	96.484451
7	2	238	297	Wonder:	96.588036
7	3	349	300	Living	96.764359
7	4	431	299	for	96.907104
7	5	471	300	the	96.81588
7	6	516	301	City	90.311089
7	7	573	306	¢	42.289692
7	8	603	305	33	96.564247
8	0	158	332		-1.0
8	1	158	332	Curtis	96.802147
8	2	242	332	Mayfield;	84.634979
8	3	361	336	We're	93.083717
8	4	435	344	a	95.403595
8	5	455	338	Winner	87.720947
8	6	552	343	*	0.0
8	7	580	341	34	92.635483
9	0	123	401		-1.0
9	1	123	401	Hip-Hop	78.76976
9	2	1050	420	$3	54.978615
10	0	157	445		-1.0
10	1	157	445	Gil	96.92234
10	2	203	447	Scott-Heron:	72.08847
10	3	360	446	The	97.001007
10	4	416	447	Revolution	96.945938
10	5	550	449	Will	96.063789
10	6	609	450	Not	96.063789
10	7	662	450	Be	95.947723
10	8	699	450	Televised	95.947723
10	9	822	456	©	38.513721
10	10	843	456	38	93.56459
11	0	157	480		-1.0
11	1	157	480	Grandmaster	96.593719
11	2	322	482	Flash	96.593719
11	3	393	483	and	96.972801
11	4	444	483	the	96.727989
11	5	491	485	Furious	45.117577
11	6	590	486	Five:	96.835381
11	7	652	486	The	96.891563
11	8	708	487	Message	6.448624
11	9	816	492	©	53.922421
11	10	843	492	40	96.362434
12	0	159	516		-1.0
12	1	159	516	Public	96.776581
12	2	243	519	Enemy:	96.712173
12	3	339	519	Don't	72.544693
12	4	411	519	Believe	96.806564
12	5	503	520	the	96.670212
12	6	550	522	Hype	93.863342
12	7	619	526	©	47.722595
12	8	648	525	43	91.336426
13	0	157	553		-1.0
13	1	157	553	Queen	52.614979
13	2	246	553	Latifah:	96.476433
13	3	345	555	The	96.993462
13	4	402	555	Evil	96.984352
13	5	453	555	That	96.73671
13	6	519	557	Men	96.73671
13	7	582	557	Do	66.335907
13	8	624	563	©	53.842064
13	9	651	561	45	95.726189
14	0	159	588		-1.0
14	1	159	588	Eric	93.284119
14	2	216	590	B.	90.995934
14	3	248	591	&	92.602837
14	4	277	590	Rakim:	95.530457
14	5	371	592	|	83.853844
14	6	386	592	Ain't	82.760063
14	7	457	584	No	96.641472
14	8	492	592	Joke	95.798897
14	9	553	597	©	41.068787
14	10	581	597	47	94.253891
15	0	159	626		-1.0
15	1	159	626	Biggie	68.277718
15	2	239	626	Smalls	96.756447
15	3	327	626	(The	96.756447
15	4	391	628	Notorious	92.935806
15	5	517	629	B.1.G.):	62.962326
15	6	609	629	Things	97.003387
15	7	700	631	Done	95.431755
15	8	770	631	Changed	95.809502
15	9	884	637	©	62.23373
15	10	912	637	48	95.102348
16	0	159	661		-1.0
16	1	159	661	Nas:	96.002922
16	2	220	662	N.Y.	92.06572
16	3	275	662	State	96.797951
16	4	349	657	of	96.905777
16	5	386	657	Mind	78.751144
16	6	447	669	¢	0.0
16	7	476	669	49	96.638763
17	0	156	697		-1.0
17	1	156	697	Jay-Z:	95.994034
17	2	232	698	Song	95.850571
17	3	298	699	Cry	91.093193
17	4	350	704	©	58.645966
17	5	378	702	$1	90.419411
18	0	156	734		-1.0
18	1	156	734	Jean	96.73317
18	2	218	734	Grae:	50.268837
18	3	292	735	Don't	95.016312
18	4	364	735	Rush	96.386887
18	5	431	736	Me	93.678024
18	6	477	741	©	49.690079
18	7	507	740	33	94.387802
19	0	122	803		-1.0
19	1	122	803	SERMONS	95.96376
19	2	275	812	AND	95.852364
19	3	351	806	PRAYERS	70.289482
19	4	1050	819	5a	45.966782
20	0	157	845		-1.0
20	1	157	845	God	96.092712
20	2	224	849	88	55.750244
21	0	155	882		-1.0
21	1	155	882	James	96.81147
21	2	235	882	Weldon	96.201378
21	3	331	884	Johnson:	96.219246
21	4	446	884	Listen	96.219246
21	5	528	884	Lord,	96.399078
21	6	599	893	a	96.399078
21	7	621	886	Prayer	91.542305
21	8	712	889	$9	93.439957
22	0	157	917		-1.0
22	1	157	918	C.	85.036774
22	2	194	919	L.	85.036774
22	3	227	919	Franklin:	96.84919
22	4	343	917	The	96.790268
22	5	400	918	Eagle	50.636528
22	6	471	919	Stirreth	83.46122
22	7	573	921	Her	96.504807
22	8	626	922	Nest	91.996498
22	9	695	927	61	91.996498
23	0	159	953		-1.0
23	1	159	954	Howard	96.519547
23	2	257	955	Thurman:	93.132919
23	3	386	957	O	92.670197
23	4	415	953	God,	89.687004
23	5	486	957	|	89.687004
23	6	500	955	Need	96.279785
23	7	567	957	Thee	16.493271
24	0	157	990		-1.0
24	1	157	990	G.	92.689896
24	2	195	990	|.	77.84848
24	3	224	986	Townsel:	89.802704
24	4	340	986	The	97.002388
24	5	392	986	Way	97.008957
24	6	446	986	Out	96.482262
24	7	498	993	Is	95.878914
24	8	528	986	to	96.570358
24	9	563	986	Pray	96.570358
24	10	627	986	Out	81.830002
24	11	675	1000	¢	29.443787
24	12	700	1000	68	92.658051
25	0	158	1026		-1.0
25	1	158	1026	Martin	96.915222
25	2	251	1027	Luther	96.431412
25	3	338	1029	King	96.118919
25	4	400	1029	Jr.	85.364464
25	5	444	1031	69	88.711151
26	0	249	1063		-1.0
26	1	249	1063	I	54.751808
26	2	266	1064	Have	94.154472
26	3	333	1072	a	94.154472
26	4	355	1064	Dream	92.298325
26	5	444	1068	*	60.501656
26	6	472	1068	69	96.196571
27	0	249	1099		-1.0
27	1	249	1100	I've	92.776627
27	2	297	1100	Been	96.154144
27	3	363	1105	to	96.067947
27	4	394	1100	the	96.378448
27	5	441	1099	Mountaintop	92.783302
27	6	603	1105	¢	73.771301
27	7	632	1104	72	95.905945
28	0	160	1134		-1.0
28	1	160	1134	Malcolm	93.230202
28	2	270	1136	X:	92.846222
28	3	301	1136	The	96.853111
28	4	357	1134	Ballot	96.426346
28	5	434	1143	or	96.676849
28	6	467	1135	the	96.676849
28	7	513	1136	Bullet	87.595749
28	8	591	1142	¢	8.926758
28	9	617	1141	79	95.103737
29	0	160	1170		-1.0
29	1	160	1172	Hert	29.377579
29	2	216	1170	Williams;	95.237846
29	3	339	1170	Elder	93.29866
29	4	410	1172	Eatmore’s	82.817818
29	5	533	1173	Sermon	96.20153
29	6	632	1181	on	96.20153
29	7	669	1173	Generosity	85.114761
29	8	812	1181	*	56.567532
29	9	833	1179	90	95.886124
30	0	249	1293		-1.0
30	1	249	1293	Realism,	96.409271
30	2	390	1295	Naturalism,	95.847725
30	3	585	1296	Modernism,	95.939941
30	4	787	1299	1940-1960	96.57077
31	0	126	1364		-1.0
31	1	126	1365	EN	55.389229
31	2	159	1365	TIODUE	0.0
31	3	246	1366	TION	89.44857
31	4	326	1364	93	89.44857
32	0	128	1438		-1.0
32	1	128	1438	Mitvin	0.0
32	2	259	1440	B.	22.043144
32	3	308	1440	Tonson	3.568916
32	4	429	1441	(18982-1966)	26.050049
32	5	1041	1457	ie	60.911667
33	0	164	1482		-1.0
33	1	164	1482	Hhak	0.0
33	2	228	1482	Mompheny	48.669998
33	3	368	1488	109	88.163643
34	0	167	1518		-1.0
34	1	167	1518	Be	5.10125
34	2	217	1518	Winth	8.727524
34	3	284	1519	of	91.704399
34	4	317	1519	folun	42.558662
34	5	378	1521	Henry	94.686371
34	6	469	1524	112	93.134773
35	0	162	1554		-1.0
35	1	162	1554	Sotelo	16.532883
35	2	284	1559	one	31.344101
36	0	128	1623		-1.0
36	1	128	1623	Donoriy	37.251343
36	2	281	1626	West	77.244484
36	3	377	1626	(1go7—1998)	26.752022
36	4	1040	1640	ie	41.169834
37	0	166	1666		-1.0
37	1	166	1666	the	74.883873
37	2	233	1674	Divo	0.0
37	3	299	1669	bs	43.500221
37	4	327	1670	bay	39.070553
37	5	399	1671	065	43.791481
38	0	252	1705		-1.0
38	1	252	1705	Pant	50.209801
38	2	308	1708	One	87.420532
38	3	376	1707	15	4.565193
39	0	287	1740		-1.0
39	1	287	1740	Chapece	48.026154
39	2	396	1744	E	0.0
39	3	412	1742	[Cleo]	54.691399
39	4	502	1745	15	51.541031
0	0	0	0		-1.0
0	0	116	60		-1.0
0	0	116	60		-1.0
1	0	827	60		-1.0
1	1	827	60	CONTENTS	94.301323
1	2	1007	61	|	84.42411
1	3	1049	64	xi	72.621124
2	0	117	123		-1.0
2	1	117	123	RicHarD	0.0
2	2	265	124	WriGHT	67.505348
2	3	402	125	(1908—1960)	72.664673
2	4	1037	134	4a	32.617775
3	0	153	166		-1.0
3	1	153	166	Blueprint	90.371857
3	2	271	167	tor	89.427574
3	3	314	168	Negro	96.896454
3	4	392	168	Writing	94.612366
3	5	501	171	125	96.071991
4	0	151	201		-1.0
4	1	151	201	The	96.627708
4	2	209	202	Ethics	40.217213
4	3	288	201	of	96.950272
4	4	320	204	Living	96.873192
4	5	401	204	Jim	96.873192
4	6	450	203	Crow,	96.898674
4	7	527	211	an	96.882591
4	8	563	204	Autobiographical	96.679413
4	9	773	204	Sketch	94.371315
4	10	873	208	132	93.374634
5	0	152	238		-1.0
5	1	152	238	From	96.42379
5	2	223	238	Black	96.42379
5	3	296	239	Boy	95.121292
5	4	357	243	141	55.879433
6	0	243	274		-1.0
6	1	243	274	Chapter	96.856209
6	2	346	275	XII	49.48877
6	3	405	274	[Booklist]	91.003304
6	4	534	279	(41	11.956635
7	0	243	309		-1.0
7	1	243	309	Chapter	96.756454
7	2	346	312	XVI	57.538628
7	3	410	310	Chicago)	80.382263
7	4	533	314	147	93.553276
8	0	116	375		-1.0
8	1	116	375	Cuester	19.442123
8	2	270	377	B.	88.651039
8	3	315	377	Himes	50.703369
8	4	426	377	(1909-1984)	0.0
8	5	1037	387	156	38.66774
9	0	153	419		-1.0
9	1	153	420	Cotton	95.957138
9	2	243	420	Gonna	96.357681
9	3	332	419	Kill	95.989906
9	4	383	420	Me	95.989906
9	5	427	420	Yet	48.674908
9	6	483	422	157	80.503403
10	0	117	484		-1.0
10	1	117	484	ANN	96.712288
10	2	198	485	Perry	92.800758
10	3	302	484	(1911-1997)	78.739723
10	4	1038	495	167	90.307968
11	0	153	526		-1.0
11	1	153	526	The	96.945023
11	2	208	528	Street	82.671646
11	3	298	531	168	82.671646
12	0	244	563		-1.0
12	1	244	563	Chapter	89.151787
12	2	349	564	|	75.007347
12	3	366	563	[The	83.487038
12	4	428	563	Apartment]	74.657578
12	5	583	568	168	85.787674
13	0	118	628		-1.0
13	1	118	629	Avice	49.020309
13	2	222	628	CHiLpress	48.616325
13	3	404	630	(1912?-1994)	76.223801
13	4	1037	639	tsp	47.359806
14	0	154	671		-1.0
14	1	154	671	Trouble	94.565857
14	2	253	679	in	94.468781
14	3	285	671	Mind	85.448181
14	4	368	675	182	85.448181
15	0	121	736		-1.0
15	1	121	736	RoBerT	63.329967
15	2	251	737	HayDEN	46.078854
15	3	386	738	(1913-1980)	89.42556
15	4	1036	747	228	85.559074
16	0	156	779		-1.0
16	1	156	779	The	95.987892
16	2	212	780	Diver	95.459389
16	3	290	783	227	96.153976
17	0	157	815		-1.0
17	1	157	816	Homage	62.419495
17	2	261	821	to	96.859604
17	3	292	816	the	96.651421
17	4	339	816	Empress	96.79113
17	5	447	811	of	93.652557
17	6	474	815	the	93.652557
17	7	522	819	Blues	92.407257
17	8	603	822	229	92.407257
18	0	157	851		-1.0
18	1	157	851	Middle	93.545044
18	2	249	852	Passage	95.973442
18	3	355	855	229	95.984604
19	0	156	887		-1.0
19	1	156	887	Those	96.717865
19	2	236	887	Winter	96.170418
19	3	326	888	Sundays	96.392097
19	4	439	891	234	82.407265
20	0	156	923		-1.0
20	1	156	924	O	89.870087
20	2	187	923	Dacdalus,	89.574532
20	3	312	924	Fly	96.783218
20	4	354	925	Away	94.905365
20	5	425	924	Home	91.248695
20	6	513	929	244	71.628098
21	0	158	960		-1.0
21	1	158	960	Runagate	69.896568
21	2	277	960	Runagute	90.239883
21	3	404	963	235	92.027931
22	0	159	995		-1.0
22	1	159	995	Frederick	93.21521
22	2	278	995	Douglass	48.948288
22	3	400	999	237	83.110039
23	0	157	1031		-1.0
23	1	157	1032	A	89.074875
23	2	183	1031	Ballad	84.541138
23	3	264	1031	of	96.460747
23	4	297	1032	Remembrance	83.751442
23	5	481	1034	237	95.986336
24	0	158	1067		-1.0
24	1	158	1068	Mourning	96.679489
24	2	285	1068	Poem	96.694588
24	3	359	1067	for	96.048012
24	4	398	1067	the	96.241096
24	5	444	1068	Queen	68.418472
24	6	530	1067	of	96.97966
24	7	562	1068	Sunday	95.572716
24	8	665	1071	239	70.095184
25	0	158	1103		-1.0
25	1	158	1103	Soledad	93.692123
25	2	267	1107	239	95.811348
26	0	159	1139		-1.0
26	1	159	1139	El-Hajj	90.794861
26	2	251	1139	Malik	93.238266
26	3	327	1140	Fl-Shobazz	2.621071
26	4	472	1144	240	95.915184
27	0	157	1173		-1.0
27	1	157	1174	A	96.408073
27	2	184	1173	Letter	46.759193
27	3	263	1174	from	94.736122
27	4	329	1173	Phillis	95.816818
27	5	410	1173	Wheatley	92.302994
27	6	539	1178	242	95.457527
28	0	123	1238		-1.0
28	1	123	1238	Race	0.453598
28	2	238	1241	ELLison	45.139709
28	3	378	1239	(1914-1994)	37.197155
28	4	922	1267	‘	30.162926
28	5	1037	1251	243	74.085854
29	0	160	1281		-1.0
29	1	160	1281	Richard	96.556862
29	2	260	1282	Wright's	78.439804
29	3	368	1282	Blues	83.767639
29	4	447	1286	247	91.930305
30	0	160	1317		-1.0
30	1	160	1317	Invisible	95.960724
30	2	267	1318	Man	89.01696
30	3	338	1322	258	89.01696
31	0	250	1354		-1.0
31	1	250	1354	Prologue	95.672882
31	2	370	1358	258	91.808846
32	0	249	1390		-1.0
32	1	249	1390	Chapter	95.180214
32	2	357	1392	|	72.972855
32	3	377	1390	[Battle	85.258011
32	4	463	1391	Royal)	78.205353
32	5	553	1394	264	94.786766
33	0	251	1426		-1.0
33	1	251	1426	Epilogue	92.257515
33	2	369	1430	274	95.719589
34	0	159	1461		-1.0
34	1	159	1461	Change	96.765518
34	2	258	1461	the	96.765518
34	3	302	1462	Joke	96.944252
34	4	362	1463	and	96.703224
34	5	414	1463	Slip	96.527191
34	6	467	1463	the	96.833496
34	7	512	1463	Yoke	93.469704
34	8	584	1466	279	93.469704
35	0	158	1497		-1.0
35	1	158	1497	The	96.286377
35	2	213	1497	World	96.286377
35	3	292	1498	and	96.012962
35	4	344	1498	the	96.826935
35	5	388	1499	Jug	85.27697
35	6	444	1502	287	85.27697
36	0	161	1533		-1.0
36	1	161	1533	Romembering	91.378639
36	2	334	1534	Richard	95.872452
36	3	434	1535	Wright	90.64341
36	4	535	1538	307	90.64341
37	0	125	1599		-1.0
37	1	125	1599	MARGARET	96.296066
37	2	303	1600	WALKER	93.257217
37	3	444	1601	(1915=1994)	58.933022
37	4	1044	1610	ua	66.308243
38	0	161	1642		-1.0
38	1	161	1642	For	96.593323
38	2	209	1643	My	96.503197
38	3	255	1642	People	95.555687
38	4	348	1646	3:9	83.233459
39	0	161	1678		-1.0
39	1	161	1679	Poppa	96.41729
39	2	240	1678	Chicken	96.308586
39	3	356	1682	320	96.308586
40	0	162	1713		-1.0
40	1	162	1714	For	96.770348
40	2	209	1713	Malcolm	92.854134
40	3	321	1715	X	92.218315
40	4	354	1718	322	70.289413
41	0	162	1750		-1.0
41	1	162	1750	Prophets	96.362137
41	2	274	1750	for	95.7351
41	3	321	1759	a	92.333351
41	4	336	1751	New	96.055023
41	5	398	1751	Day	95.533981
41	6	460	1755	322	95.533981
42	0	1236	1890		-1.0
42	1	1236	1890	|	50.489162
0	0	0	0		-1.0
0	0	120	27		-1.0
0	0	120	27		-1.0
1	0	120	27		-1.0
1	1	120	58	xil	39.13208
1	2	188	57	|)	47.061237
1	3	230	57	CONTENTS	93.440514
1	4	1198	27	|	91.90519
2	0	122	128		-1.0
2	1	122	128	GWENDOLYN	88.680191
2	2	326	129	Brooks	34.302017
2	3	456	129	(1917-2000)	82.700516
2	4	1035	137	324	61.163353
3	0	158	170		-1.0
3	1	158	170	kitchenette	94.981796
3	2	299	170	building	96.521225
3	3	412	174	326	96.521225
4	0	159	206		-1.0
4	1	159	206	the	95.5336
4	2	204	206	mother	94.85997
4	3	305	210	326	94.85997
5	0	158	242		-1.0
5	1	158	250	a	37.853233
5	2	179	245	song	92.39592
5	3	236	238	in	95.901718
5	4	272	243	the	95.901718
5	5	317	242	front	96.625153
5	6	383	243	yard	91.121368
5	7	450	246	327	91.121368
6	0	159	278		-1.0
6	1	159	278	Sadie	96.547455
6	2	231	278	and	96.547455
6	3	284	278	Maud	94.832848
6	4	367	282	327	94.832848
7	0	159	314		-1.0
7	1	159	314	the	96.921646
7	2	204	321	vacant	96.635941
7	3	290	314	lot	87.277496
7	4	337	318	328	88.705536
8	0	160	350		-1.0
8	1	160	350	the	96.62426
8	2	205	351	preacher:	93.150604
8	3	323	353	ruminates	92.462799
8	4	450	351	behind	96.824028
8	5	540	351	the	96.99501
8	6	585	359	sermon	93.540901
8	7	688	355	328	93.540901
9	0	159	386		-1.0
9	1	159	386	The	96.019424
9	2	215	386	Sundays	96.331314
9	3	319	387	of	93.305977
9	4	351	387	Satin-Legs	92.541046
9	5	484	387	Smith	96.52816
9	6	570	390	329	96.848587
10	0	159	422		-1.0
10	1	159	422	The	96.822235
10	2	215	423	Rites	95.784737
10	3	282	423	for	95.784737
10	4	322	423	Cousin	96.590538
10	5	414	424	Vit	74.652359
10	6	464	426	332	74.652359
11	0	159	458		-1.0
11	1	159	458	The	96.686249
11	2	214	458	Children	96.467911
11	3	324	454	of	96.81694
11	4	361	454	the	96.866867
11	5	404	459	Poor	96.103027
11	6	474	462	333	96.103027
12	0	159	494		-1.0
12	1	159	494	The	96.075218
12	2	216	495	Lovers	96.528778
12	3	299	494	of	96.478561
12	4	331	495	the	96.50135
12	5	377	496	Poor	95.325264
12	6	447	498	335	76.895676
13	0	161	531		-1.0
13	1	161	531	We	96.548546
13	2	208	531	Real	95.505203
13	3	267	531	Cool	92.834869
13	4	340	534	337	91.998528
14	0	159	566		-1.0
14	1	159	566	The	96.656593
14	2	215	566	Chicago	96.656593
14	3	320	566	Defender	95.793068
14	4	434	567	Sends	95.226395
14	5	511	575	a	95.135506
14	6	533	568	Mun	94.695831
14	7	595	573	to	94.695831
14	8	626	567	Little	93.641609
14	9	699	567	Rock	96.467476
14	10	771	571	337	94.663704
15	0	162	602		-1.0
15	1	162	602	Malcolm	91.724609
15	2	273	603	X	91.917976
15	3	306	606	339	95.350716
16	0	163	639		-1.0
16	1	163	639	Riot	95.50396
16	2	228	642	339	95.50396
17	0	161	674		-1.0
17	1	161	676	A	96.340492
17	2	188	674	Bronzeville	94.92984
17	3	329	674	Mother	93.231461
17	4	424	676	Loiters	91.709297
17	5	513	678	in	96.530373
17	6	545	676	Mississippi.	69.891571
17	7	690	675	Meanwhile,	38.723392
17	8	835	684	«	81.708435
17	9	858	677	Mississippi	96.516243
18	0	199	710		-1.0
18	1	199	710	Mother	96.609741
18	2	295	711	Burns	95.942551
18	3	374	712	Bacon	96.139153
18	4	462	714	340	96.139153
19	0	163	746		-1.0
19	1	163	746	Maud	96.676071
19	2	240	747	Martha	93.140656
19	3	346	750	344	95.660278
20	0	124	804		-1.0
20	1	124	804	James	93.282318
20	2	233	805	BALowin	50.433266
20	3	384	806	(1924-1987)	65.164963
20	4	1040	815	ast	56.856312
21	0	164	847		-1.0
21	1	164	847	Everybody's	48.992138
21	2	310	848	Protest	96.75724
21	3	402	849	Novel	86.259773
21	4	486	852	34	90.593666
22	0	164	883		-1.0
22	1	164	884	Notes	96.554001
22	2	239	883	of	96.593315
22	3	273	879	a	92.870224
22	4	291	885	Native	96.277023
22	5	375	885	Son	91.858894
22	6	435	888	400	94.834778
23	0	164	920		-1.0
23	1	164	920	Sonny's	56.761642
23	2	262	920	Blues	92.216766
23	3	340	924	413	92.216766
24	0	165	955		-1.0
24	1	165	956	Princes	96.924812
24	2	260	955	and	96.316673
24	3	313	956	Powers	93.013611
24	4	410	959	435	93.013611
25	0	163	992		-1.0
25	1	163	992	Going	96.370689
25	2	243	998	to	93.30442
25	3	275	992	Mect	86.699936
25	4	343	992	the	96.782036
25	5	389	993	Man	85.68911
25	6	458	996	453	85.68911
26	0	130	1050		-1.0
26	1	130	1050	Bog	58.557884
26	2	203	1050	KaurMaAn	56.206207
26	3	363	1050	(1925-1986)	25.811226
26	4	1041	1061	14	43.310936
27	0	162	1092		-1.0
27	1	162	1092	Jail	92.372704
27	2	212	1093	Pocms	56.943661
27	3	303	1098	466	96.384903
28	0	131	1152		-1.0
28	1	131	1152	Lorraine	86.731339
28	2	297	1152	HANnsBerry	23.296509
28	3	485	1153	(1930—1965}	23.231239
28	4	1040	1164	40	63.7295
29	0	164	1194		-1.0
29	1	164	1196	A	92.742767
29	2	191	1195	Raisin	89.694565
29	3	273	1197	in	88.397232
29	4	304	1194	the	88.397232
29	5	350	1194	Sun	90.241844
29	6	412	1198	473	92.212418
30	0	366	1307		-1.0
30	1	366	1307	The	95.65332
30	2	440	1307	Black	96.90641
30	3	533	1310	Arts	96.355545
30	4	616	1308	Era,	95.869492
30	5	689	1308	1960-1975	95.140144
31	0	133	1377		-1.0
31	1	133	1378	INTRODUCTION	42.251987
31	2	334	1377	$34	74.553375
32	0	135	1440		-1.0
32	1	135	1441	Mans	63.04422
32	2	230	1441	Evans	92.399239
32	3	333	1440	(b.	77.103958
32	4	389	1441	1923)	95.937363
32	5	1044	1449	562	75.065544
33	0	170	1483		-1.0
33	1	170	1485	Vive	75.538986
33	2	227	1483	Noir!	38.482075
33	3	302	1487	562	78.972458
34	0	138	1542		-1.0
34	1	138	1542	\lancons	33.603165
34	2	300	1543	X	76.31707
34	3	334	1542	(Ec-Hayy	9.500168
34	4	480	1543	MAviK	0.0
34	5	594	1543	EL-SnHaeazz)	0.0
35	0	170	1579		-1.0
35	1	170	1582	(ig2e5	38.847031
35	2	269	1579	1965)	52.755402
35	3	1046	1587	50%	68.669464
36	0	176	1621		-1.0
36	1	176	1621	Tle	56.119976
36	2	230	1621	Artulmeygup	0.0
36	3	372	1617	hy	77.56488
36	4	401	1621	of	95.832504
36	5	432	1621	Malcolm	88.929405
36	6	543	1623	X	91.668617
36	7	576	1625	566	95.641449
37	0	260	1657		-1.0
37	1	260	1660	(	60.531231
37	2	280	1657	hupter	68.0942
37	3	362	1659	One.	74.512978
37	4	428	1657	Nightmare	94.36248
37	5	569	1662	566	94.36248
38	0	260	1693		-1.0
38	1	260	1693	Chapter	67.119202
38	2	364	1694	Pour	48.971161
38	3	434	1695	Laura	70.300583
38	4	518	1697	569	86.396896
39	0	260	1729		-1.0
39	1	260	1730	trou	22.885147
39	2	349	1729	Chapter	65.38208
39	3	432	1731	Six.	84.761055
39	4	484	1731	Detroit	72.798424
39	5	576	1729	Red	77.572189
39	6	637	1733	571	65.595863
40	0	260	1765		-1.0
40	1	260	1765	Chapter	57.007812
40	2	364	1765	Eleven.	47.048016
40	3	457	1765	Suved	80.600945
40	4	542	1769	573	81.806023
41	0	260	1801		-1.0
41	1	260	1802	From	44.332577
41	2	349	1801	Chapter	92.029083
41	3	432	1802	Nineteen.	72.859322
41	4	558	1803	1965	71.700111
41	5	627	1805	581	86.031731
0	0	0	0		-1.0
0	0	111	54		-1.0
0	0	111	54		-1.0
1	0	806	54		-1.0
1	1	806	54	CONTENTS	95.755432
1	2	985	57	1	53.044487
1	3	1026	57	xitl	14.502174
2	0	111	125		-1.0
2	1	111	126	Joun	90.087181
2	2	200	126	Acerep	75.152863
2	3	332	125	Wittiams	47.967167
2	4	500	125	(b.	92.340996
2	5	556	125	1925)	96.555801
2	6	1029	135	SHR	73.933945
3	0	148	168		-1.0
3	1	148	168	The	94.597816
3	2	205	169	Man	95.960701
3	3	266	168	Who	95.878899
3	4	330	168	Cried	55.234482
3	5	408	169	1	55.234482
3	6	420	169	Am	83.958694
3	7	479	171	583	76.963776
4	0	242	204		-1.0
4	1	242	206	3	93.760094
4	2	264	204	[Picture	93.760094
4	3	365	204	of	96.842422
4	4	396	204	the	96.578156
4	5	441	204	Writer]	88.36779
4	6	543	207	$88	71.425804
5	0	116	266		-1.0
5	1	116	266	Maaetin	57.721333
5	2	250	266	Lutuer	80.473892
5	3	384	266	Kina	61.646744
5	4	471	267	Jr.	94.888382
5	5	528	266	(1929-1968)	82.469131
5	6	1031	273	482	50.253143
6	0	152	308		-1.0
6	1	152	309	Letter	90.236862
6	2	231	308	from	96.785095
6	3	296	309	Birmingham	79.939163
6	4	450	308	Jail	95.99128
6	5	507	312	$94	95.99128
7	0	117	371		-1.0
7	1	117	371	RAYMOND	88.685005
7	2	277	371	PATTERSON	95.433685
7	3	458	372	(1929-2001)	42.669834
7	4	1029	380	our	44.822754
8	0	153	413		-1.0
8	1	153	414	Twenty-Six	81.653152
8	2	291	414	Ways	82.529121
8	3	357	413	of	96.424324
8	4	393	414	Looking	95.890892
8	5	493	420	at	82.181145
8	6	522	422	a	82.181145
8	7	545	414	Blackman	95.624527
8	8	679	420	008	70.648483
9	0	120	476		-1.0
9	1	120	477	ETHERIDGE	69.817169
9	2	303	477	KNIGHT	73.284729
9	3	432	476	(1931-1991)	52.468586
9	4	1034	483	412	81.879166
10	0	152	518		-1.0
10	1	152	518	The	96.636032
10	2	208	518	Idea	95.112045
10	3	268	519	of	46.978485
10	4	294	519	Ancestry	46.978485
10	5	414	522	614	96.262329
11	0	154	554		-1.0
11	1	154	555	Hard	94.03656
11	2	223	555	Rock	96.956467
11	3	290	555	Returns	96.843872
11	4	391	561	to	96.439888
11	5	422	556	Prison	23.673256
11	6	506	554	from	95.951218
11	7	571	555	the	96.738411
11	8	617	555	Hospital	96.568398
11	9	724	554	for	96.930168
11	10	764	555	the	96.287666
12	0	189	591		-1.0
12	1	189	591	Criminal	95.450615
12	2	305	591	Insane	94.502205
12	3	398	594	65	95.603798
13	0	154	626		-1.0
13	1	154	626	Ilu,	85.35791
13	2	200	626	the	96.985077
13	3	244	626	Talking	82.944122
13	4	343	627	Drum	94.895882
13	5	428	630	616	92.909981
14	0	118	687		-1.0
14	1	118	690	ADRIENNE	93.288757
14	2	289	689	KEeNNeoy	28.834869
14	3	442	687	(b.	85.682518
14	4	498	688	1931)	91.73848
14	5	1037	698	4ny	0.0
15	0	156	731		-1.0
15	1	156	731	Funnyhouse	84.252319
15	2	306	731	of	96.914932
15	3	338	740	a	96.466217
15	4	359	732	Negro	93.67588
15	5	446	735	620	93.67588
16	0	119	794		-1.0
16	1	119	794	Catvin	36.372753
16	2	245	794	HERNTON	90.700439
16	3	405	794	(1932-2001)	39.943199
16	4	1037	801	63L	12.121132
17	0	153	836		-1.0
17	1	153	836	Jitterbugging	85.496323
17	2	317	840	in	95.208122
17	3	347	836	the	95.531433
17	4	393	837	Streets	92.924431
17	5	490	840	632	92.924431
18	0	120	899		-1.0
18	1	120	899	AupbreE	17.693008
18	2	236	900	Lorpbe	48.360786
18	3	350	900	(1934—1992)	28.95443
18	4	1037	908	on	44.380791
19	0	160	941		-1.0
19	1	160	941	New	96.454285
19	2	217	941	York	95.04528
19	3	278	941	City	49.113178
19	4	338	942	1970	84.30616
19	5	406	945	639	84.30616
19	6	588	963	.	0.0
20	0	158	978		-1.0
20	1	158	978	Coal	93.026573
20	2	227	981	641	78.299644
21	0	158	1014		-1.0
21	1	158	1014	Power	95.745361
21	2	245	1016	642	96.323761
22	0	159	1048		-1.0
22	1	159	1049	Poetry	95.676765
22	2	243	1050	Is	92.721512
22	3	272	1050	Nota	76.221207
22	4	346	1048	Luxury	96.325996
22	5	445	1052	643	95.37722
23	0	162	1084		-1.0
23	1	162	1085	125th	94.5466
23	2	234	1085	Street	95.503098
23	3	313	1084	and	93.270241
23	4	365	1084	Abomey	91.72908
23	5	474	1089	646	95.23291
24	0	158	1120		-1.0
24	1	158	1121	Walking	96.40155
24	2	266	1122	Our	96.648132
24	3	323	1120	Boundaries	96.257324
24	4	471	1124	647	96.257324
25	0	158	1155		-1.0
25	1	158	1158	Zami.	60.44297
25	2	236	1160	A	94.2444
25	3	264	1159	New	94.2444
25	4	323	1155	Spelling	96.013992
25	5	432	1151	of	96.013992
25	6	458	1157	My	96.152412
25	7	503	1157	Name	89.929909
25	8	587	1163	(44	63.278732
26	0	252	1192		-1.0
26	1	252	1192	Epilogue	96.408516
26	2	370	1197	648	96.602875
26	3	925	1219	:	56.641777
27	0	162	1228		-1.0
27	1	162	1228	Inheritance-—His	51.209373
27	2	384	1232	649	96.866058
28	0	127	1290		-1.0
28	1	127	1290	Henry	95.15551
28	2	243	1290	Dumas	91.351471
28	3	362	1291	(1934-1968)	46.067165
28	4	1040	1299	682	58.518826
29	0	163	1334		-1.0
29	1	163	1334	Black	95.659798
29	2	237	1335	Star	96.069641
29	3	293	1334	Line	95.155014
29	4	360	1338	654	81.348663
30	0	162	1369		-1.0
30	1	162	1369	Will	96.714462
30	2	221	1369	the	96.644402
30	3	267	1369	Circle	96.132744
30	4	346	1370	Be	95.840874
30	5	386	1369	Unbroken?	95.930992
30	6	527	1373	655	94.070801
31	0	161	1405		-1.0
31	1	161	1405	The	96.625854
31	2	216	1405	Zebra	95.935677
31	3	291	1405	Goes	96.673439
31	4	359	1405	Wild	96.401405
31	5	423	1405	Where	96.36908
31	6	510	1405	the	96.561394
31	7	556	1405	Sidewalk	96.138535
31	8	670	1405	Ends	95.406876
31	9	743	1409	659	95.406876
32	0	126	1467		-1.0
32	1	126	1471	Amiri	76.020111
32	2	233	1467	BARAKA	90.378571
32	3	365	1468	(1934-2014)	50.705292
32	4	1040	1476	wo	28.9944
33	0	165	1509		-1.0
33	1	165	1509	Preface	96.693985
33	2	260	1516	to	93.564133
33	3	290	1518	a	93.564133
33	4	309	1511	Twenty	96.689316
33	5	403	1511	Volume	95.785942
33	6	500	1511	Suicide	95.360916
33	7	596	1512	Note	95.105919
33	8	667	1514	665	95.105919
34	0	165	1545		-1.0
34	1	165	1548	Notes	96.456184
34	2	240	1545	for	93.920883
34	3	280	1554	a	93.920883
34	4	301	1547	Speech	95.978798
34	5	401	1551	666	96.055969
35	0	163	1582		-1.0
35	1	163	1583	A	96.763359
35	2	190	1583	Poem	96.339951
35	3	263	1582	for	96.555603
35	4	302	1582	Willie	96.392799
35	5	384	1583	Best	66.560028
35	6	449	1586	667	89.809814
36	0	165	1618		-1.0
36	1	165	1618	Black	96.58886
36	2	238	1618	Dada	93.270088
36	3	308	1618	Nihilismus	92.118164
36	4	451	1622	671	73.260162
37	0	165	1654		-1.0
37	1	165	1654	Dutchman	96.510391
37	2	306	1658	674	96.510391
38	0	163	1691		-1.0
38	1	163	1691	The	96.669472
38	2	219	1686	Revolutionary	96.230377
38	3	396	1686	Theatre	94.552269
38	4	498	1694	688	95.158676
39	0	166	1726		-1.0
39	1	166	1726	Prologue	93.460548
39	2	278	1732	to	96.970207
39	3	308	1726	The	96.957336
39	4	362	1726	Slave	94.313522
39	5	438	1730	691	81.64389
40	0	165	1761		-1.0
40	1	165	1764	A	96.880135
40	2	191	1763	Poem	96.393127
40	3	264	1761	for	96.98584
40	4	306	1762	Black	95.923538
40	5	379	1763	Hearts	94.72998
40	6	473	1766	693	94.72998
41	0	167	1799		-1.0
41	1	167	1799	Ka	95.465149
41	2	206	1799	"""Ba"	74.43103
41	3	258	1802	693	94.795013
0	0	0	0		-1.0
0	0	120	51		-1.0
0	0	120	51		-1.0
1	0	120	51		-1.0
1	1	120	54	xiv	81.648735
1	2	195	52	|	79.689346
1	3	237	51	CONTENTS	79.689346
2	0	159	122		-1.0
2	1	159	122	Slave	96.894386
2	2	228	122	Ship	93.596687
2	3	297	125	694	93.596687
3	0	160	158		-1.0
3	1	156	154	Black	96.931793
3	2	233	154	Art	75.930801
3	3	285	161	703	75.930801
4	0	161	194		-1.0
4	1	161	194	It's	85.382912
4	2	203	194	Nation	96.696976
4	3	289	194	Time	94.719559
4	4	367	197	704	96.476402
5	0	159	230		-1.0
5	1	159	230	Wailers	96.195641
5	2	264	233	706	95.517715
6	0	125	289		-1.0
6	1	125	290	Sonia	17.003143
6	2	230	290	SANcHez	50.30191
6	3	379	289	(b.	92.897331
6	4	435	291	1934)	96.419403
6	5	1037	299	708	79.646408
7	0	161	332		-1.0
7	1	161	332	homecoming	94.527573
7	2	330	336	71!	92.597794
8	0	161	369		-1.0
8	1	161	377	poem	96.47596
8	2	233	375	at	77.348289
8	3	263	369	thirty	77.348289
8	4	346	372	71!	78.980553
9	0	161	405		-1.0
9	1	161	405	Summer	95.691849
9	2	270	405	Words	95.706757
9	3	353	405	of	95.706757
9	4	384	413	a	93.101097
9	5	406	405	Sistuh	92.752113
9	6	486	405	Addict	95.767799
9	7	580	409	712	95.929688
10	0	162	441		-1.0
10	1	162	441	bik/rhetoric	59.681778
10	2	317	445	713	91.011833
11	0	161	478		-1.0
11	1	161	479	Sister	92.708015
11	2	237	478	Sonfi	53.57576
11	3	323	481	714	56.864143
12	0	164	513		-1.0
12	1	164	513	akolirane/poem	50.807838
12	2	370	517	719	96.35743
13	0	168	550		-1.0
13	1	168	550	1CB	13.021767
13	2	233	552	722	94.625206
14	0	162	585		-1.0
14	1	162	586	A	94.212196
14	2	188	593	poem	60.643021
14	3	260	585	for	95.347214
14	4	301	593	my	96.405029
14	5	342	585	brother	95.882225
14	6	444	588	723	74.783852
15	0	130	645		-1.0
15	1	130	646	Ep	84.548889
15	2	185	645	Butttns	0.0
15	3	325	645	(b.	84.26297
15	4	381	646	1935)	96.564095
15	5	1040	654	728	84.345963
16	0	163	688		-1.0
16	1	163	688	Clara’s	87.28318
16	2	251	689	Ole	90.254333
16	3	302	689	Man	91.23703
16	4	369	692	726	91.23703
17	0	131	750		-1.0
17	1	131	750	EvpripGe	47.454987
17	2	293	750	CLEeAver	47.425186
17	3	443	750	(1935-1998)	9.899643
17	4	1041	759	ray	23.956795
18	0	165	792		-1.0
18	1	161	788	Soul	85.448212
18	2	225	788	on	85.448212
18	3	264	793	Ice	90.338364
18	4	314	797	740	90.338364
19	0	254	828		-1.0
19	1	254	828	Convalescence	91.183487
19	2	445	832	740	96.393738
20	0	129	888		-1.0
20	1	129	890	A.	90.034065
20	2	176	890	B.	82.559982
20	3	221	890	SPELLMAN	79.439133
20	4	393	888	(b.	90.702766
20	5	449	889	1935)	55.024307
20	6	1044	899	9	0.0
21	0	167	932		-1.0
21	1	167	932	Did	95.661316
21	2	215	932	John’s	91.361732
21	3	296	933	Music	96.835106
21	4	376	932	Kill	96.835892
21	5	427	933	Him?	96.232193
21	6	506	935	750	95.529884
22	0	128	993		-1.0
22	1	128	993	JuNE	84.492439
22	2	214	993	JORDAN	96.442635
22	3	342	993	(1936-2002)	77.2565
22	4	1044	1001	71	28.203651
23	0	168	1035		-1.0
23	1	168	1037	In	94.030029
23	2	201	1037	Memoriam:	96.405922
23	3	347	1037	Martin	96.568016
23	4	438	1035	Luther	95.997391
23	5	526	1037	King,	96.386948
23	6	595	1037	Jr.	90.281456
23	7	638	1040	753	91.472176
24	0	167	1071		-1.0
24	1	167	1071	Gettin	95.968033
24	2	253	1072	Down	95.968033
24	3	330	1078	to	96.607765
24	4	360	1071	Get	96.964111
24	5	411	1072	Over	92.470413
24	6	485	1076	754	95.247108
25	0	168	1107		-1.0
25	1	168	1107	From	96.57856
25	2	234	1107	The	96.020462
25	3	288	1107	Talking	96.503868
25	4	388	1107	Back	96.503868
25	5	452	1107	of	96.849792
25	6	483	1109	Miss	96.849792
25	7	546	1108	Valentine	96.835564
25	8	663	1109	Jones:	96.60173
25	9	744	1109	Poem	92.65181
25	10	815	1111	#	92.65181
25	11	837	1109	One	96.466461
25	12	903	1112	762	96.069984
26	0	169	1143		-1.0
26	1	169	1145	Poem	82.538193
26	2	241	1143	about	96.590973
26	3	316	1143	Police	96.348633
26	4	393	1144	Violence	96.32888
26	5	510	1148	764	96.32888
27	0	170	1179		-1.0
27	1	170	1181	Poem	75.132965
27	2	242	1179	for	96.109062
27	3	282	1179	South	96.532593
27	4	359	1179	African	92.790298
27	5	457	1180	Women	91.056633
27	6	563	1184	765	91.056633
28	0	171	1215		-1.0
28	1	171	1217	Pour	40.66436
28	2	242	1215	about	85.15963
28	3	317	1216	My	96.712341
28	4	362	1215	Rights	95.248138
28	5	453	1219	766	95.195213
29	0	132	1276		-1.0
29	1	132	1277	Jarvnn	25.716179
29	2	234	1277	Cortez	73.741379
29	3	364	1276	(1936-2012)	64.386597
29	4	1048	1287	76	40.489883
30	0	172	1319		-1.0
30	1	172	1320	low	27.702629
30	2	234	1320	fong	0.0
30	3	301	1320	Has	95.94416
30	4	352	1319	Trane	96.44043
30	5	431	1319	Been	96.50322
30	6	496	1320	Gone	96.54953
30	7	576	1323	771	71.383629
31	0	138	1380		-1.0
31	1	138	1380	Vauny	14.688049
31	2	246	1380	Neat	80.389198
31	3	338	1380	(1937-1981)	87.32621
31	4	1046	1388	773	77.847214
32	0	174	1423		-1.0
32	1	174	1423	Thule	10.594948
32	2	267	1423	Gallery:	92.919693
32	3	370	1424	From	93.508858
32	4	438	1423	the	94.696312
32	5	485	1423	Inside	93.90242
32	6	572	1427	776	93.90242
33	0	174	1458		-1.0
33	1	174	1458	Don't	91.174423
33	2	245	1461	Say	81.264969
33	3	291	1458	Goodbye	95.124825
33	4	402	1465	to	95.904152
33	5	433	1458	the	93.296524
33	6	479	1459	Porkpie	61.994965
33	7	577	1461	Hat	77.256081
33	8	635	1463	777	77.256081
34	0	176	1494		-1.0
34	1	176	1494	Maleolo	0.0
34	2	286	1496	\--An	6.637077
34	3	369	1494	Autobiography	31.938774
34	4	556	1499	781	96.206085
35	0	174	1531		-1.0
35	1	174	1532	Trea	24.913368
35	2	247	1531	The	80.799339
35	3	297	1531	Hheck	0.0
35	4	368	1532	Arts	91.027771
35	5	426	1532	Movement	93.155273
35	6	564	1535	784	93.155273
36	0	175	1566		-1.0
36	1	175	1569	Scume	0.0
36	2	248	1567	Hellec	54.559395
36	3	320	1569	tions	82.08165
36	4	384	1575	on	86.443489
36	5	421	1566	the	86.443489
36	6	467	1566	Black	96.978012
36	7	538	1567	Aesthetic	95.795563
36	8	664	1571	787	94.321777
37	0	176	1602		-1.0
37	1	176	1603	Urwle	0.0
37	2	252	1604	Matis	31.330826
37	3	330	1605	Rugs	78.345642
37	4	393	1611	on	87.122551
37	5	430	1602	the	95.344299
37	6	475	1603	Squared	96.838203
37	7	580	1603	Circle	95.177429
37	8	668	1607	791	91.29464
38	0	141	1665		-1.0
38	1	141	1665	Istiatana	0.0
38	2	285	1666	Rip	15.992416
38	3	378	1665	(Cb.	0.0
38	4	433	1665	1938)	91.337914
38	5	1050	1673	79R	25.20031
39	0	180	1708		-1.0
39	1	180	1708	The	56.484627
39	2	227	1708	Ghost	83.138885
39	3	306	1710	io	58.279266
39	4	338	1709	Biemingham	0.0
39	5	500	1713	807	64.211823
40	0	176	1744		-1.0
40	1	176	1745	Fam	2.971161
40	2	254	1744	cowhes	0.0
40	3	350	1744	inthe	84.654083
40	4	426	1745	bout	62.591473
40	5	483	1744	of	88.06353
40	6	515	1745	Ra	79.565216
40	7	561	1749	804	79.565216
41	0	176	1780		-1.0
41	1	176	1781	Heusen	11.32
41	2	278	1781	Do	82.183456
41	3	320	1781	Not	89.514633
41	4	372	1781	Real	45.308857
41	5	443	1780	Chix	31.54995
41	6	499	1782	Poom	26.607407
41	7	579	1784	806	95.417595
0	0	0	0		-1.0
0	0	116	28		-1.0
0	0	116	28		-1.0
1	0	824	28		-1.0
1	1	824	63	CONTENTS	95.038895
1	2	1001	66	|	60.362587
1	3	1043	71	aw	60.362587
1	4	1230	28	|	95.332481
2	0	155	126		-1.0
2	1	155	128	Keo-HooDoo	45.020523
2	2	318	126	Manifesto	94.148415
2	3	453	131	808	94.148415
3	0	153	162		-1.0
3	1	153	158	Mumbo	96.395538
3	2	251	158	Jumbo	96.395538
3	3	345	167	814	93.12867
4	0	242	198		-1.0
4	1	242	198	Chapter	85.851715
4	2	346	190	I	42.515419
4	3	371	203	814	76.129295
5	0	243	235		-1.0
5	1	243	236	From	96.252487
5	2	312	235	Chapter	96.558296
5	3	416	236	II	40.221695
5	4	450	239	818	81.585022
6	0	245	270		-1.0
6	1	245	270	Epilogue	96.700455
6	2	362	275	sts	36.348541
7	0	119	330		-1.0
7	1	119	331	Micuaet	36.246609
7	2	272	330	S.	91.077705
7	3	316	332	Hareer	73.210609
7	4	450	331	(b.	86.855591
7	5	506	332	1938)	96.534843
7	6	1032	342	ay	28.295967
8	0	155	374		-1.0
8	1	155	374	Dear	93.201096
8	2	218	374	John,	92.095001
8	3	291	375	Dear	96.429855
8	4	356	375	Coltrane	91.78083
8	5	475	378	831	90.142563
9	0	152	409		-1.0
9	1	152	410	Trays:	96.288353
9	2	237	405	A	96.288353
9	3	258	409	Portfolio	87.638977
9	4	375	414	333	87.736626
10	0	155	446		-1.0
10	1	155	446	History	96.427269
10	2	249	453	as	96.427269
10	3	282	446	Apple	96.007011
10	4	357	447	Tree	95.686516
10	5	424	450	834	81.227364
11	0	155	481		-1.0
11	1	155	481	Psychophotos	92.692757
11	2	322	481	of	96.563622
11	3	355	483	Hampton	89.154602
11	4	480	486	836	89.154602
12	0	116	541		-1.0
12	1	116	542	Tont	92.306808
12	2	203	541	Cane	40.392601
12	3	300	542	Bamsara	52.035263
12	4	455	543	(1939	91.056503
12	5	556	543	1995)	91.661255
12	6	1035	552	sal	80.568626
13	0	155	584		-1.0
13	1	155	584	Gorilla,	96.442688
13	2	255	586	My	96.534203
13	3	301	586	Love	96.530312
13	4	371	588	842	95.747513
14	0	156	621		-1.0
14	1	156	621	From	96.638802
14	2	225	621	The	96.92408
14	3	279	621	Salt	96.874977
14	4	334	621	Eaters	94.063484
14	5	422	624	847	94.063484
15	0	120	681		-1.0
15	1	120	681	Carotyn	6.393578
15	2	273	682	M.	91.467377
15	3	328	681	Ronocers	38.964989
15	4	479	682	(1940-2010)	0.0
15	5	1035	692	co)	3.765907
16	0	158	723		-1.0
16	1	158	724	For	93.269722
16	2	204	723	Sistuhs	92.884705
16	3	298	725	Wearin’	74.78891
16	4	398	724	Straight	42.789616
16	5	502	725	Hair	91.685791
16	6	570	728	852	72.72876
17	0	156	759		-1.0
17	1	156	759	The	96.795258
17	2	212	761	Last	92.321457
17	3	270	761	M.F.	80.514236
17	4	341	764	852	86.140785
18	0	158	795		-1.0
18	1	158	796	Poem	94.137848
18	2	231	795	for	95.692047
18	3	271	798	Some	96.026314
18	4	346	795	Black	96.211388
18	5	417	798	Women	92.890289
18	6	522	800	853	91.253448
19	0	158	831		-1.0
19	1	158	832	U	91.670517
19	2	186	833	Name	78.184135
19	3	262	831	This	95.476974
19	4	324	832	Onc	74.540909
19	5	389	835	855	84.903946
20	0	158	868		-1.0
20	1	158	868	|	62.658638
20	2	176	868	Have	94.023895
20	3	244	868	Been	88.028969
20	4	311	869	Hungry	93.76387
20	5	415	872	#55	84.509956
21	0	123	928		-1.0
21	1	123	928	Haxt	62.290115
21	2	214	928	R.	87.968536
21	3	261	928	Mapnusuti	15.304688
21	4	457	928	(b.	73.9151
21	5	513	929	1942)	90.43898
21	6	1037	938	Asa	23.497536
22	0	159	971		-1.0
22	1	159	971	Introduction	96.278374
22	2	317	971	[to	87.544029
22	3	354	971	Think	96.194931
22	4	432	971	Black]	85.217354
22	5	521	975	800	70.302841
23	0	157	1007		-1.0
23	1	157	1007	Two	82.026382
23	2	215	1007	Poems	35.858353
23	3	306	1011	x6!	46.385807
24	0	158	1042		-1.0
24	1	158	1042	Gwendolyn	95.691536
24	2	300	1043	Brooks	94.852615
24	3	396	1047	862	94.053177
25	0	160	1079		-1.0
25	1	160	1079	Don't	93.821594
25	2	230	1080	Cry,	96.680237
25	3	287	1079	Scream	83.699844
25	4	392	1082	863	87.789795
26	0	160	1115		-1.0
26	1	160	1115	Move	92.799614
26	2	233	1115	Un-noticed	87.457535
26	3	371	1120	to	96.957344
26	4	403	1116	Be	96.85453
26	5	444	1116	Noticed:	96.503304
26	6	548	1118	A	91.88414
26	7	575	1116	Nationhood	91.811661
26	8	723	1118	Poem	92.410156
26	9	803	1121	866	74.467361
27	0	160	1150		-1.0
27	1	160	1150	Killing	96.573853
27	2	249	1152	Memory	95.660316
27	3	363	1156	869	25.881737
28	0	125	1211		-1.0
28	1	125	1211	Davip	58.153442
28	2	230	1211	Henverson	77.883057
28	3	427	1211	(b.	92.15641
28	4	483	1212	1942)	96.239075
28	5	916	1218	:	45.5341
28	6	1038	1221	Parl	30.85347
29	0	161	1251		-1.0
29	1	161	1254	Keep	95.827446
29	2	227	1261	on	96.791023
29	3	266	1254	Pushing	95.716888
29	4	376	1257	874	83.260521
29	5	859	1251	os	0.0
30	0	126	1314		-1.0
30	1	126	1316	Nikkt	68.37281
30	2	227	1314	Giovanni	0.0
30	3	387	1314	(b.	87.95298
30	4	443	1315	1943)	95.92794
30	5	1038	1325	ae	0.0
31	0	161	1357		-1.0
31	1	161	1357	For	96.261726
31	2	208	1357	Saundra	93.142944
31	3	322	1361	#80	83.867371
32	0	162	1392		-1.0
32	1	162	1392	Beautiful	94.863708
32	2	281	1393	Black	96.862411
32	3	353	1394	Men	87.232376
32	4	422	1398	881	14.947121
33	0	162	1428		-1.0
33	1	162	1428	Nikki-Rosa	89.677689
33	2	308	1434	#82	88.343475
34	0	162	1465		-1.0
34	1	162	1465	Revolutionary	95.16993
34	2	335	1466	Music	96.122864
34	3	421	1469	882	68.871735
35	0	161	1500		-1.0
35	1	161	1500	AIL	52.864948
35	2	205	1501	1	52.864948
35	3	220	1501	Gotta	84.868645
35	4	297	1502	Do	92.184654
35	5	346	1505	884	86.330132
36	0	162	1536		-1.0
36	1	162	1538	Ego	96.445419
36	2	213	1537	Tripping	96.366966
36	3	323	1536	(there	94.130066
36	4	399	1545	may	96.965027
36	5	454	1537	be	96.050713
36	6	489	1545	a	96.050713
36	7	510	1544	reason	94.674606
36	8	594	1536	why)	89.260986
36	9	666	1540	885	74.336533
37	0	123	1597		-1.0
37	1	123	1597	James	90.950882
37	2	230	1598	Atan	61.689011
37	3	327	1598	McPuerson	89.944611
37	4	532	1598	(b.	90.089882
37	5	587	1599	1943)	95.289749
37	6	1040	1608	B87	49.462868
38	0	164	1639		-1.0
38	1	164	1640	Problems	96.583847
38	2	279	1639	of	96.637321
38	3	311	1641	Art	93.967644
38	4	365	1644	387	80.168701
39	0	126	1701		-1.0
39	1	126	1703	Amus	90.263649
39	2	226	1703	Mor	89.109695
39	3	309	1701	(b.	90.611664
39	4	365	1703	1949?)	87.187943
39	5	1041	1712	399	57.762009
40	0	164	1745		-1.0
40	1	164	1745	Poem	96.85817
40	2	236	1750	to	96.181572
40	3	267	1745	the	96.181572
40	4	314	1746	Hip	96.621002
40	5	364	1745	Generation	95.452721
40	6	512	1749	900	95.858986
0	0	0	0		-1.0
0	0	111	63		-1.0
0	0	111	63		-1.0
1	0	112	63		-1.0
1	1	112	64	xvi	74.272385
1	2	186	65	|)	37.192696
1	3	228	63	CONTENTS	71.881409
2	0	111	129		-1.0
2	1	111	130	James	93.285599
2	2	217	129	T.	90.886147
2	3	261	129	STEWART	74.298859
2	4	411	129	(?—1996)	75.801918
2	5	1025	140	905	89.293365
3	0	149	172		-1.0
3	1	149	172	The	96.263008
3	2	205	172	Development	96.792145
3	3	363	168	of	96.927132
3	4	398	172	the	96.915237
3	5	445	173	Black	96.85199
3	6	518	173	Revolutionary	96.658669
3	7	689	175	Artist	95.422173
3	8	771	177	906	95.422173
4	0	381	291		-1.0
4	1	381	291	The	96.953331
4	2	453	293	Contemporary	96.104576
4	3	704	293	Period	96.850235
5	0	118	363		-1.0
5	1	118	363	INTRODUCTION	93.157425
5	2	320	363	913	81.491287
6	0	117	436		-1.0
6	1	117	437	Aunenme	0.0
6	2	248	436	Murray	87.993408
6	3	384	436	(1916-2013)	84.232132
6	4	1028	447	925	69.476204
7	0	159	479		-1.0
7	1	159	480	Irvin	42.731171
7	2	225	479	Whistle	83.810677
7	3	324	480	Guitar	95.380669
7	4	416	483	931	94.097443
8	0	245	514		-1.0
8	1	245	515	[History	87.079536
8	2	349	514	Lessons}	94.441544
8	3	464	519	931	95.125435
9	0	121	583		-1.0
9	1	121	584	Maya	67.736801
9	2	215	584	ANGELOU	96.515915
9	3	370	583	(1928-2014)	51.287369
9	4	1028	595	94	15.453171
10	0	153	625		-1.0
10	1	153	625	Sall	75.59285
10	2	216	626	T	0.0
10	3	230	626	Rise	95.486504
10	4	294	630	946	95.39875
11	0	156	661		-1.0
11	1	156	662	My	95.007202
11	2	200	661	Arkansas	95.007202
11	3	323	665	947	96.709518
12	0	157	698		-1.0
12	1	157	699	1	69.523422
12	2	181	683	Know	96.541786
12	3	253	683	Why	96.716888
12	4	311	683	the	96.610138
12	5	361	683	Caged	96.610138
12	6	439	698	Bird	96.954834
12	7	495	699	Sings	91.178154
12	8	573	702	948	91.178154
13	0	245	733		-1.0
13	1	245	733	Chapter	96.265511
13	2	352	735	15	88.83638
13	3	385	733	(Mrs.	57.337791
13	4	456	734	Flowers]	89.195488
13	5	570	738	948	95.54158
14	0	245	769		-1.0
14	1	245	769	Chapter	96.688332
14	2	352	772	16	93.767288
14	3	385	769	"(""Mam"")"	57.453636
14	4	500	774	953	95.930359
15	0	122	837		-1.0
15	1	122	839	Pauce	61.740074
15	2	228	839	Marsua	51.897896
15	3	352	833	tt	51.897896
15	4	405	837	(b.	91.881668
15	5	461	840	1929)	96.868935
15	6	1032	849	$87	59.561371
16	0	157	881		-1.0
16	1	157	881	Reena	96.439171
16	2	243	884	959	95.746452
17	0	156	917		-1.0
17	1	156	917	To	93.290123
17	2	194	917	Da-Duh,	91.228195
17	3	304	919	in	95.622612
17	4	335	918	Memoriam	96.30201
17	5	479	921	971	95.744759
18	0	155	952		-1.0
18	1	155	952	The	96.815186
18	2	212	953	Making	96.365578
18	3	308	952	of	96.893684
18	4	339	960	a	96.268326
18	5	359	954	Writer:	96.434204
18	6	453	954	From	96.075523
18	7	522	954	the	96.171913
18	8	569	954	Poets	61.334541
18	9	639	956	in	95.279259
18	10	670	954	the	95.279259
18	11	717	954	Kitchen	93.400688
18	12	823	959	978	91.382172
19	0	119	1020		-1.0
19	1	119	1020	Tont	88.443016
19	2	206	1021	Morrison	93.282394
19	3	380	1020	(b.	91.623039
19	4	436	1022	1931)	95.057167
19	5	1032	1031	ORS	60.38913
20	0	157	1064		-1.0
20	1	157	1064	Sula	96.547585
20	2	224	1067	989	96.701462
21	0	158	1100		-1.0
21	1	158	1100	Rootedness:	90.583473
21	2	305	1100	The	96.931564
21	3	359	1102	Ancestor	96.313789
21	4	472	1108	as	96.313789
21	5	506	1101	Foundation	95.758781
21	6	659	1105	1067	95.758781
22	0	156	1136		-1.0
22	1	156	1136	The	96.750404
22	2	212	1136	Site	96.868134
22	3	263	1136	of	96.173096
22	4	296	1137	Memory	96.350403
22	5	412	1140	1071	85.400505
23	0	158	1172		-1.0
23	1	158	1172	Unspeakable	73.654091
23	2	315	1173	Things	95.930222
23	3	407	1173	Unspoken:	96.073334
23	4	539	1173	The	96.28035
23	5	593	1172	Afro-American	96.265503
23	6	779	1175	Presence	95.762291
23	7	893	1176	in	96.781746
24	0	192	1209		-1.0
24	1	192	1210	American	81.837051
24	2	317	1209	Literature	93.848602
24	3	454	1212	1078	93.848602
25	0	125	1276		-1.0
25	1	125	1276	Lunese	0.0
25	2	252	1271	J.	89.826187
25	3	287	1276	Gaines	66.403526
25	4	412	1276	(b.	84.052696
25	5	468	1277	1933)	96.849052
25	6	1027	1286	ual	48.38266
26	0	166	1319		-1.0
26	1	166	1319	Ihe	59.953079
26	2	215	1319	Sky	94.202774
26	3	265	1320	Is	94.328735
26	4	291	1320	Gray	93.343735
26	5	365	1323	1103	77.497246
27	0	128	1388		-1.0
27	1	128	1388	Lucien	36.029022
27	2	265	1388	CLrton	28.400688
27	3	409	1388	(1936-2010)	6.225601
27	4	1025	1397	waz	29.37336
28	0	162	1430		-1.0
28	1	162	1430	|r	39.799343
28	2	201	1431	the	87.394997
28	3	247	1438	mner	48.829689
28	4	314	1431	city)	68.983932
28	5	383	1434	1125	75.655975
29	0	160	1466		-1.0
29	1	160	1466	gel	26.714203
29	2	228	1462	Canes	60.555977
29	3	307	1470	1126	81.756363
30	0	164	1502		-1.0
30	1	164	1502	Maleolo	52.2314
30	2	284	1506	tat	65.738403
31	0	164	1539		-1.0
31	1	164	1539	lemme	24.135857
31	2	261	1545	tony	72.119072
31	3	333	1539	hips	83.620697
31	4	400	1542	1127	60.539528
32	0	161	1574		-1.0
32	1	161	1574	whet	41.465675
32	2	227	1575	the	79.492828
32	3	272	1577	micro	16.424706
32	4	355	1575	said	60.481083
32	5	419	1578	1127	60.481083
33	0	161	1611		-1.0
33	1	161	1611	Tithe	15.537781
33	2	216	1611	Tight	52.101856
33	3	277	1611	thet	59.0583
33	4	331	1619	caume	0.0
33	5	401	1616	to	93.084488
33	6	431	1611	lucille	23.360954
33	7	509	1611	clifton)	87.232391
33	8	614	1615	1128	87.232391
34	0	161	1647		-1.0
34	1	161	1647	dlessang	0.0
34	2	263	1648	the	91.149879
34	3	308	1647	boats	74.516983
34	4	389	1652	1128	74.025314
35	0	160	1683		-1.0
35	1	160	1683	stody	61.650311
35	2	233	1683	the	89.56636
35	3	278	1689	mnasters	9.608086
35	4	387	1687	28	48.899441
0	0	0	0		-1.0
0	0	114	57		-1.0
0	0	114	36		-1.0
1	0	803	57		-1.0
1	1	803	57	CONTENTS	95.447647
1	2	1022	58	xvtl	64.961319
2	0	114	125		-1.0
2	1	114	129	Joun	80.861778
2	2	206	128	Epcar	58.405018
2	3	319	127	Wipeman	86.17852
2	4	483	125	(b.	89.963737
2	5	539	126	1941)	96.419182
2	6	1024	131	1129	62.327358
3	0	154	169		-1.0
3	1	154	170	Brothers	96.069252
3	2	261	169	and	96.200127
3	3	314	170	Keepers	92.789246
3	4	425	173	1132	94.673248
4	0	244	204		-1.0
4	1	244	206	[Robby’s	52.727287
4	2	349	204	Version}	89.060349
4	3	462	209	1132	92.771088
5	0	155	241		-1.0
5	1	155	241	Damballah	77.163109
5	2	302	245	1139	96.487968
6	0	119	302		-1.0
6	1	119	304	Samuec	0.0
6	2	255	303	R.	90.143723
6	3	302	303	Decany	14.107391
6	4	434	302	(b.	91.316879
6	5	489	303	1942)	96.92215
6	6	1028	308	las	1.947372
7	0	155	345		-1.0
7	1	155	347	From	96.732162
7	2	223	346	Atlantis:	94.788078
7	3	333	345	Model	96.661613
7	4	419	346	1924	95.01741
7	5	491	350	1146	94.961494
8	0	120	407		-1.0
8	1	120	408	Suercey	22.758064
8	2	267	408	Anne	86.566711
8	3	363	407	WILLIAMS	93.257378
8	4	531	407	(1944~1999)	24.96907
8	5	1028	413	Litas	47.794975
9	0	155	450		-1.0
9	1	155	450	The	96.353714
9	2	211	450	Peacock	96.17392
9	3	316	451	Poems:	95.883522
9	4	411	451	1	67.449883
9	5	439	453	1165	76.990059
10	0	158	486		-1.0
10	1	158	488	|	51.571903
10	2	173	488	Want	96.052719
10	3	245	486	Aretha	96.958435
10	4	333	492	to	96.046249
10	5	365	486	Set	96.942337
10	6	408	486	This	95.910103
10	7	470	491	to	95.987961
10	8	501	488	Music	80.99575
10	9	593	490	1165	80.99575
11	0	156	522		-1.0
11	1	156	522	Tell	95.155106
11	2	210	522	Martha	96.801544
11	3	309	524	Not	94.30706
11	4	357	528	to	94.335274
11	5	389	522	Moan	94.068436
11	6	476	525	1167	75.286896
12	0	122	582		-1.0
12	1	122	586	Avice	71.698524
12	2	225	585	WALKER	55.648018
12	3	365	583	(b.	88.127014
12	4	421	582	1944)	96.238098
12	5	1032	588	1176	78.565063
13	0	158	628		-1.0
13	1	158	628	Women	96.65979
13	2	267	629	1179	83.677628
14	0	159	664		-1.0
14	1	159	664	Outcast	92.784348
14	2	271	666	1179	92.784348
15	0	159	696		-1.0
15	1	159	699	"""Good"	78.140083
15	2	245	699	Night,	96.93647
15	3	324	698	Willie	88.453758
15	4	405	698	Lee,	92.586555
15	5	464	697	I'll	88.318604
15	6	503	698	See	82.385193
15	7	552	697	You	96.973412
15	8	604	699	in	96.723251
15	9	635	696	the	96.217209
15	10	681	696	Morning”	66.325684
15	11	813	698	1180	94.13913
16	0	162	733		-1.0
16	1	162	736	In	95.268593
16	2	194	734	Search	96.850395
16	3	284	729	of	97.007713
16	4	322	729	Our	95.853729
16	5	371	733	Mothers’	90.242355
16	6	482	733	Gardens	92.088554
16	7	599	736	1180	91.822456
17	0	161	771		-1.0
17	1	161	771	Everyday	95.964226
17	2	276	773	Use	95.475319
17	3	338	773	1188	95.475319
18	0	161	805		-1.0
18	1	161	807	Advancing	93.271835
18	2	294	806	Luna—aend	64.843338
18	3	436	805	Ida	93.171021
18	4	482	807	B.	91.597977
18	5	512	805	Wells	79.744492
18	6	597	809	1194	79.744492
19	0	125	867		-1.0
19	1	125	870	Aucust	51.596626
19	2	255	868	WILSON	96.636475
19	3	389	867	(1945-2005)	57.753731
19	4	1032	872	1205	69.050293
20	0	161	909		-1.0
20	1	161	912	Joe	95.59449
20	2	207	912	Turner's	33.157127
20	3	311	911	Come	95.005142
20	4	389	909	and	96.285645
20	5	439	910	Gone	94.464233
20	6	522	912	1208	94.152573
21	0	127	972		-1.0
21	1	127	972	Ocravia	80.118698
21	2	271	972	Butter	27.166931
21	3	401	972	(1947-2006)	88.874954
21	4	1038	978	1s	0.0
22	0	165	1015		-1.0
22	1	165	1015	Bloodchild	89.949425
22	2	312	1018	1253	80.83461
23	0	128	1074		-1.0
23	1	128	1077	Yuser	88.604744
23	2	234	1077	Komunyakaa	70.075836
23	3	451	1074	(b.	85.703529
23	4	507	1076	1947)	95.979851
23	5	1036	1080	1268	86.653206
24	0	167	1119		-1.0
24	1	167	1120	February	96.539017
24	2	281	1122	in	96.122826
24	3	311	1119	Sydney	92.23175
24	4	413	1122	1267	92.23175
25	0	170	1157		-1.0
25	1	170	1157	Facing	96.477432
25	2	254	1157	It	75.478653
25	3	290	1159	126s	72.321495
26	0	167	1191		-1.0
26	1	167	1191	Sunday	96.533989
26	2	261	1191	Afternoons	95.4702
26	3	412	1194	1268	96.576241
26	4	925	1219	;	9.403572
27	0	168	1227		-1.0
27	1	168	1228	Banking	96.163689
27	2	275	1227	Potatoes	96.003769
27	3	393	1230	1269	96.145866
27	4	869	1249	“	9.87011
28	0	169	1263		-1.0
28	1	169	1263	Birds	96.835075
28	2	237	1271	on	93.358475
28	3	274	1272	a	93.358475
28	4	296	1263	Powerline	94.641548
28	5	431	1265	1270	94.641548
28	6	922	1266	:	0.0
29	0	136	1324		-1.0
29	1	136	1327	NATHANIFL	75.096954
29	2	321	1326	Mackey	90.668304
29	3	458	1324	(b.	66.645523
29	4	514	1329	1947)	77.520943
29	5	1040	1329	177}	38.191536
30	0	170	1367		-1.0
30	1	170	1369	Falso	91.797295
30	2	240	1367	Brilhante	91.054695
30	3	369	1371	1272	96.247543
31	0	170	1403		-1.0
31	1	170	1406	Song	95.82798
31	2	236	1403	of	96.966377
31	3	266	1404	the	93.296516
31	4	311	1403	Andoumboulou:	91.24942
31	5	510	1404	8	85.419601
31	6	543	1406	1272	80.903076
32	0	171	1440		-1.0
32	1	171	1440	Djbot	87.140205
32	2	245	1440	Baghostus’s	80.241577
32	3	390	1440	Run	88.440598
32	4	458	1443	1274	88.440598
33	0	261	1476		-1.0
33	1	261	1476	26.1X.81	89.217804
33	2	381	1478	1274	89.863762
34	0	134	1536		-1.0
34	1	134	1536	CuarLes	16.994553
34	2	285	1538	JOHNSON	90.630333
34	3	436	1536	(b.	88.118446
34	4	492	1537	1948)	96.320107
34	5	1042	1541	Rm	18.233124
35	0	170	1579		-1.0
35	1	170	1581	The	96.753143
35	2	227	1581	Education	96.697578
35	3	354	1579	of	96.993279
35	4	386	1581	Mingo	95.936646
35	5	481	1583	1281	83.142426
36	0	138	1640		-1.0
36	1	138	1643	NrozakE	71.862839
36	2	290	1642	SHANGE	92.261772
36	3	425	1640	(b.	91.545578
36	4	481	1640	1948)	96.728363
36	5	1043	1644	1290	77.378052
37	0	174	1681		-1.0
37	1	174	1686	From	96.845428
37	2	242	1684	for	96.845428
37	3	282	1684	colored	96.503059
37	4	377	1684	girls	91.330742
37	5	435	1684	who	96.949875
37	6	492	1683	have	96.910301
37	7	552	1682	considered	96.360519
37	8	687	1682	suicide	93.005981
37	9	777	1682	/	45.758572
37	10	793	1682	when	96.57283
37	11	864	1681	the	96.234344
38	0	210	1719		-1.0
38	1	210	1720	rainbow	96.144081
38	2	313	1722	is	92.393188
38	3	339	1719	enuf	93.523384
38	4	411	1722	1292	93.523384
39	0	176	1757		-1.0
39	1	176	1759	Nappy	96.2006
39	2	258	1757	Edges	96.291206
39	3	346	1760	1293	96.081322
40	0	176	1791		-1.0
40	1	176	1794	Bocas:	96.337234
40	2	259	1794	A	96.942368
40	3	286	1792	Daughter's	63.412575
40	4	419	1791	Geography	89.907837
40	5	566	1796	1295	34.916351
0	0	0	0		-1.0
0	0	123	57		-1.0
0	0	123	57		-1.0
1	0	123	57		-1.0
1	1	123	60	xvill,	1.292984
1	2	215	57	|)	45.563259
1	3	259	59	CONTENTS	86.46257
2	0	124	124		-1.0
2	1	124	125	Gayt	0.0
2	2	212	126	Jones	93.28199
2	3	317	124	(b.	92.032433
2	4	374	126	1949)	96.331139
2	5	1026	134	1297	80.757858
3	0	161	168		-1.0
3	1	161	164	From	93.146294
3	2	232	164	Corregidora	91.246338
3	3	390	171	1298	96.107361
4	0	123	233		-1.0
4	1	123	233	Jamaica	93.301682
4	2	265	234	Kincatp	84.779083
4	3	405	233	(b.	90.475006
4	4	461	234	1949)	93.978043
4	5	1025	242	1304	94.706322
5	0	161	276		-1.0
5	1	161	272	Annie	95.010651
5	2	241	272	John	70.944641
5	3	314	279	1305	70.944641
6	0	251	312		-1.0
6	1	251	312	Chapter	96.819679
6	2	354	313	Two.	96.951401
6	3	417	312	The	96.453964
6	4	471	312	Circling	96.27121
6	5	576	312	Hand	90.371086
6	6	659	317	1305	90.371086
7	0	126	377		-1.0
7	1	126	377	Goria	0.0
7	2	255	378	Naytor	31.97403
7	3	386	377	(b.	91.914047
7	4	442	378	1950)	96.236671
7	5	1034	388	3M	51.313423
8	0	162	420		-1.0
8	1	162	420	‘The	88.842674
8	2	216	421	Women	95.624985
8	3	314	420	of	95.624985
8	4	346	421	Brewster	96.664673
8	5	458	421	Place	94.20536
8	6	538	425	1315	94.20536
9	0	251	456		-1.0
9	1	247	452	The	95.817841
9	2	310	452	Two	94.902931
9	3	374	460	1315	89.85762
10	0	129	521		-1.0
10	1	129	521	Epwarop	49.065788
10	2	268	521	P.	92.692513
10	3	305	523	Jones	93.186272
10	4	409	522	(b.	91.522003
10	5	465	523	1951)	90.517288
10	6	1031	531	taal	45.932354
11	0	162	564		-1.0
11	1	162	564	The	96.881882
11	2	217	564	Girl	95.611343
11	3	271	564	Who	95.611343
11	4	337	565	Raised	96.626923
11	5	424	566	Pigeons	94.537697
11	6	533	569	1342	94.537697
12	0	130	629		-1.0
12	1	130	630	Rrta	56.551937
12	2	213	630	Dove	93.253654
12	3	308	629	(b.	88.30658
12	4	364	630	1952)	51.983715
12	5	1032	639	1250	65.345688
13	0	166	672		-1.0
13	1	166	672	David	96.808289
13	2	246	668	Walker	96.758263
13	3	334	668	(1783-1830)	80.732597
13	4	497	677	1359	91.841805
14	0	166	708		-1.0
14	1	166	708	Parsley	93.28389
14	2	268	712	1360	94.418976
15	0	166	744		-1.0
15	1	166	744	Receiving	96.453117
15	2	288	740	the	96.533043
15	3	333	746	Stigmata	94.886726
15	4	458	749	1362	94.886726
16	0	164	780		-1.0
16	1	164	780	Thomas	95.353615
16	2	267	780	and	94.308044
16	3	320	781	Beulah	96.006889
16	4	421	785	1362	96.308228
17	0	255	816		-1.0
17	1	255	816	The	96.513832
17	2	311	818	Event	87.401314
17	3	395	821	1362	87.401314
18	0	167	852		-1.0
18	1	167	852	Motherhood	90.80085
18	2	331	857	1363	90.80085
19	0	167	890		-1.0
19	1	167	890	Daystar	96.35891
19	2	275	892	1364	96.459831
20	0	164	924		-1.0
20	1	160	920	The	96.714279
20	2	218	920	Oriental	96.38517
20	3	328	924	Ballerina	92.454872
20	4	454	929	1264	78.852211
21	0	168	960		-1.0
21	1	168	960	Pastoral	91.829254
21	2	281	964	13466	79.302353
22	0	166	997		-1.0
22	1	166	998	American	91.314117
22	2	289	997	Smooth	95.667702
22	3	399	1000	1366	95.667702
23	0	165	1032		-1.0
23	1	165	1032	The	96.889984
23	2	222	1033	Return	96.964676
23	3	311	1032	of	93.301575
23	4	343	1034	Licutenant	92.645462
23	5	477	1034	James	96.168144
23	6	558	1034	Reese	91.511543
23	7	635	1034	Europe	93.233459
23	8	737	1037	(367	75.116386
24	0	168	1069		-1.0
24	1	168	1069	Hattie	92.004402
24	2	250	1069	McDaniel	82.348404
24	3	374	1071	Arrives	96.249039
24	4	466	1075	at	96.249039
24	5	497	1069	the	96.005363
24	6	542	1070	Coconut	96.005363
24	7	650	1071	Grove	89.679405
24	8	739	1074	1368	85.316681
25	0	132	1134		-1.0
25	1	132	1135	Wa	7.158844
25	2	191	1141	ter	7.158844
25	3	269	1135	Mostey	89.646019
25	4	402	1134	(b.	91.14283
25	5	458	1135	1952)	96.608162
25	6	1034	1145	1305	52.984577
26	0	170	1176		-1.0
26	1	170	1176	Equal	91.131935
26	2	244	1177	Opportunity	94.154999
26	3	410	1181	1371	94.154999
27	0	136	1242		-1.0
27	1	136	1243	Wannvetre	2.145454
27	2	324	1243	MULLEN	93.256912
27	3	465	1242	(b.	86.216248
27	4	521	1244	1953)	91.156448
27	5	1036	1253	1381	62.24437
28	0	171	1286		-1.0
28	1	171	1286	Mise	19.201431
28	2	242	1287	&	91.759277
28	3	272	1286	Drudge	55.246857
28	4	377	1289	1382	95.255211
29	0	261	1321		-1.0
29	1	261	1321	|Sapphire’s	13.01033
29	2	396	1322	lyre	96.597229
29	3	447	1322	styles]	68.853149
29	4	539	1325	1382	82.996353
30	0	260	1356		-1.0
30	1	260	1356	icauntry	31.331741
30	2	365	1358	clothes	96.678757
30	3	458	1358	hung	96.738846
30	4	524	1365	on	96.399887
30	5	562	1358	ber	91.503258
30	6	607	1359	all	95.605949
30	7	644	1359	and	96.278984
30	8	696	1359	sundry]	64.672394
30	9	804	1362	1383	64.672394
31	0	260	1393		-1.0
31	1	260	1393	Jodds	24.603996
31	2	332	1396	meeting	96.64502
31	3	434	1389	on	95.136551
31	4	470	1402	a	95.136551
31	5	490	1394	bus]	74.461372
31	6	558	1397	1383	88.08342
32	0	260	1429		-1.0
32	1	260	1429	Iwhy	16.672867
32	2	323	1429	these	96.595184
32	3	392	1429	blues	96.595184
32	4	461	1437	come	96.886398
32	5	531	1430	from	92.819885
32	6	596	1430	us]	91.597588
32	7	648	1434	1384	91.400665
33	0	260	1464		-1.0
33	1	260	1464	Igo	43.575966
33	2	305	1473	on	88.676407
33	3	342	1468	sister	93.299927
33	4	411	1468	sing	96.7127
33	5	466	1473	your	84.062935
33	6	525	1466	song)	84.062935
33	7	608	1470	1384	93.784866
34	0	262	1502		-1.0
34	1	262	1502	ltombay	45.43235
34	2	363	1502	gitl	18.940239
34	3	410	1502	with	96.758217
34	4	468	1502	cowboy	96.860413
34	5	564	1502	boots]	52.369888
34	6	654	1505	1385	82.396545
35	0	262	1537		-1.0
35	1	262	1538	lume	0.0
35	2	342	1537	squandering	69.097336
35	3	494	1545	sassy	95.717331
35	4	561	1538	cook)	78.937759
35	5	644	1541	1385	78.937759
36	0	262	1572		-1.0
36	1	262	1572	luserry	0.0
36	2	348	1579	ut	78.835602
36	3	377	1582	a	61.051208
36	4	399	1573	hotel,	95.314735
36	5	471	1574	annul	42.763397
36	6	548	1574	em)	39.21106
36	7	614	1578	1386	86.729698
37	0	262	1610		-1.0
37	1	262	1610	[prec	37.482193
37	2	323	1617	tents	29.64537
37	3	377	1617	cargo	92.429138
37	4	449	1617	up	95.728096
37	5	486	1610	crooked	96.089424
37	6	587	1610	alleys]	70.394386
37	7	680	1614	1387	72.558861
38	0	262	1645		-1.0
38	1	262	1645	(with	69.735466
38	2	330	1646	all	89.649162
38	3	368	1646	that	95.945641
38	4	423	1654	rope	66.453049
38	5	481	1645	they	96.258263
38	6	539	1653	gave	96.258263
38	7	598	1646	us)	67.827545
38	8	651	1650	1387	73.249207
39	0	262	1680		-1.0
39	1	262	1680	{the	43.590782
39	2	317	1682	royal	49.033386
39	3	381	1681	yellow	92.440033
39	4	462	1682	sovereign}	81.067802
39	5	598	1686	1388	93.178284
40	0	263	1717		-1.0
40	1	263	1717	|teonetom	0.751556
40	2	378	1719	can't	86.359138
40	3	441	1718	catch]	67.409027
40	4	532	1721	1388	73.531227
41	0	263	1753		-1.0
41	1	263	1753	linuessse	0.0
41	2	351	1754	fied	33.337669
41	3	401	1762	ao	0.0
41	4	422	1754	yeller]	42.167755
41	5	512	1758	1389	94.795998
42	0	263	1788		-1.0
42	1	263	1788	leoush	0.0
42	2	350	1790	drops	95.693214
42	3	423	1790	prick	95.066559
42	4	489	1789	thick]	61.75489
42	5	576	1794	1389	80.338539
0	0	0	0		-1.0
0	0	0	27		-1.0
0	0	0	27		-1.0
1	0	0	27		-1.0
1	1	0	27	|	66.501572
1	2	822	71	CONTENTS	88.93322
1	3	1002	71	|	52.427422
1	4	1043	71	whx	37.236649
2	0	253	140		-1.0
2	1	253	140	[ain't	23.180069
2	2	318	147	cut	92.970367
2	3	363	140	drylongso]	13.415283
2	4	506	144	1390	90.717758
3	0	254	176		-1.0
3	1	254	177	[soulless	93.303688
3	2	359	176	divaism)	85.488991
3	3	478	180	1390	94.420792
4	0	254	212		-1.0
4	1	254	213	[moon,	91.847603
4	2	342	213	whoever	95.700882
4	3	453	208	knew	96.473099
4	4	518	208	you)	56.37936
4	5	587	216	139!	75.404556
5	0	129	270		-1.0
5	1	129	271	Essex	94.976624
5	2	233	271	HEMPHILL	92.629364
5	3	405	270	(1957—1995)	66.523315
5	4	1034	278	133)	72.860992
6	0	164	313		-1.0
6	1	164	313	Conditions	94.235886
6	2	312	317	1392	96.388153
7	0	254	350		-1.0
7	1	254	350	XX	14.808105
7	2	319	353	1392	60.091526
8	0	255	386		-1.0
8	1	255	386	XXIL	81.126488
8	2	329	389	1394	89.498352
9	0	255	422		-1.0
9	1	255	422	XXIV	83.544289
9	2	338	425	1394	83.544289
10	0	129	479		-1.0
10	1	129	479	Caryt	30.18634
10	2	241	479	Puiucips	25.551399
10	3	391	479	(b.	87.043365
10	4	447	480	1958)	95.946243
10	5	1034	486	3395	59.546185
11	0	165	522		-1.0
11	1	165	522	Crossing	96.434845
11	2	277	518	the	96.89502
11	3	324	522	River	92.551849
11	4	404	525	1396	92.551849
12	0	258	558		-1.0
12	1	258	558	Il.	43.003445
12	2	300	554	West	62.983406
12	3	369	561	1396	92.788788
13	0	132	615		-1.0
13	1	132	615	Barack	95.239159
13	2	261	615	Osama	80.760628
13	3	383	615	(b.	92.176323
13	4	439	615	1961)	90.492302
13	5	1035	621	141	49.412312
14	0	167	658		-1.0
14	1	167	659	A	94.039795
14	2	194	659	More	94.039795
14	3	264	658	Perfect	96.259438
14	4	356	659	Union	93.804367
14	5	448	662	1411	81.633331
15	0	133	715		-1.0
15	1	133	716	EvizaBetH	8.685944
15	2	311	717	ALEXANDER	93.241432
15	3	505	715	(b.	90.125359
15	4	561	715	1962)	95.972763
15	5	1041	722	las	31.286171
16	0	167	758		-1.0
16	1	163	754	The	96.783051
16	2	224	754	Venus	92.939438
16	3	302	759	Hottentot	92.342392
16	4	435	762	1420	80.988571
17	0	168	794		-1.0
17	1	168	794	When	91.87851
17	2	258	798	1423	89.045441
18	0	169	830		-1.0
18	1	169	832	Ars	93.274216
18	2	218	831	Poetica	91.506226
18	3	314	832	1100:	9.350426
18	4	385	832	|	69.001671
18	5	403	830	Believe	92.478539
18	6	506	834	1423	92.478539
19	0	135	887		-1.0
19	1	135	888	Suzan-Lort	36.288361
19	2	334	889	Parks	92.689667
19	3	439	887	(b.	90.314552
19	4	496	888	1963)	96.670555
19	5	1040	895	1428	69.819122
20	0	168	930		-1.0
20	1	168	930	Topdog/Underdog	88.297318
20	2	401	935	1426	96.158371
21	0	34	983		-1.0
21	1	34	983	:	0.0
21	2	137	990	NaTASHA	89.892731
21	3	282	989	TRETHEWEY	92.572357
21	4	476	987	(b.	91.184166
21	5	533	989	1966)	96.567238
21	6	1040	995	1468	67.215851
22	0	173	1032		-1.0
22	1	173	1032	Liturgy	95.550842
22	2	277	1035	1470	95.550842
23	0	261	1068		-1.0
23	1	261	1068	Witness	87.626259
23	2	375	1071	1471	90.26532
24	0	261	1104		-1.0
24	1	261	1104	Tower	94.493317
24	2	353	1107	1472	95.104378
25	0	263	1139		-1.0
25	1	263	1139	Watcher	95.199112
25	2	381	1143	1472	95.922974
26	0	264	1175		-1.0
26	1	264	1175	Believer	91.590919
26	2	377	1178	1473	91.590919
27	0	264	1211		-1.0
27	1	264	1211	Prodigal	93.448875
27	2	382	1214	1473	93.448875
27	3	917	1230	¥	7.816353
28	0	140	1266		-1.0
28	1	140	1269	Epwipce	24.443649
28	2	293	1269	Danticart	39.340397
28	3	456	1267	(b.	91.250778
28	4	512	1268	1969)	95.951553
28	5	936	1266	.	0.0
28	6	1046	1275	Wes	62.172256
29	0	176	1311		-1.0
29	1	176	1311	Breath,	96.59288
29	2	270	1313	Eyes,	95.606041
29	3	339	1313	Memory	94.90535
29	4	456	1315	1476	94.90535
30	0	264	1347		-1.0
30	1	264	1347	Chapter	95.958138
30	2	370	1343	|	68.105736
30	3	402	1352	1476	68.105736
31	0	265	1383		-1.0
31	1	265	1383	Chapter	95.054298
31	2	369	1385	35	78.166847
31	3	416	1386	1483	78.166847
32	0	139	1440		-1.0
32	1	139	1441	CoLson	65.06665
32	2	273	1442	WHITEHEAD	93.288933
32	3	472	1440	(b.	79.637726
32	4	528	1441	1969)	96.63295
32	5	1046	1448	wr	61.756611
33	0	174	1483		-1.0
33	1	174	1483	John	89.187141
33	2	240	1484	Henry	93.670494
33	3	322	1485	Days	89.556396
33	4	398	1488	1491	89.556396
34	0	266	1518		-1.0
34	1	266	1518	{i}	41.465797
34	2	315	1523	1491	62.755283
35	0	267	1555		-1.0
35	1	267	1555	(2)	64.53923
35	2	317	1560	1494	89.345177
36	0	267	1591		-1.0
36	1	267	1591	(3)	55.71109
36	2	317	1596	1499	59.917427
37	0	143	1648		-1.0
37	1	143	1649	Kevin	93.269844
37	2	248	1650	Youne	47.986671
37	3	363	1648	(b.	92.034279
37	4	419	1649	1970)	95.694176
37	5	1049	1658	105	54.659424
38	0	178	1692		-1.0
38	1	178	1693	Langston	95.486153
38	2	296	1692	Hughes	88.87307
38	3	404	1695	1508	94.598068
39	0	176	1728		-1.0
39	1	176	1728	Jovk	59.572643
39	2	248	1731	1509	90.555794
40	0	177	1764		-1.0
40	1	177	1764	Anthem	96.050301
40	2	292	1767	1509	84.740875
41	0	180	1800		-1.0
41	1	180	1800	Exodus	95.846214
41	2	283	1804	1510	95.702133
0	0	0	0		-1.0
0	0	126	62		-1.0
0	0	126	62		-1.0
1	0	129	62		-1.0
1	1	129	66	ax	77.74382
1	2	192	63	|	82.976562
1	3	231	62	CONTENTS	83.082878
2	0	126	128		-1.0
2	1	126	128	Tracy	93.275627
2	2	236	129	K.	92.07663
2	3	282	129	Smita	9.626228
2	4	393	129	(b.	88.964279
2	5	450	130	1972)	96.591949
2	6	1035	143	1)	56.034157
3	0	165	172		-1.0
3	1	165	172	Sci-Fi	93.455933
3	2	252	176	1511	87.324348
4	0	165	208		-1.0
4	1	165	209	My	96.634171
4	2	210	208	God,	96.081711
4	3	278	209	It’s	86.352684
4	4	320	209	Full	95.876785
4	5	374	209	of	96.437614
4	6	405	209	Stars	71.945465
4	7	485	213	1512	71.945465
5	0	126	341		-1.0
5	1	126	342	TIMELINE	63.050682
5	2	270	341	1517	82.609901
6	0	128	387		-1.0
6	1	128	387	SELECTED	96.341896
6	2	263	388	BIBLIOGRAPHIES	90.052528
6	3	486	389	1527	90.052528
7	0	164	432		-1.0
7	1	164	432	GENERAL	96.567368
7	2	290	434	READINGS	90.640564
7	3	433	432	1527	77.722923
8	0	164	478		-1.0
8	1	164	478	THE	96.803665
8	2	222	478	VERNACULAR	96.302406
8	3	393	479	TRADITION	88.406288
8	4	548	479	1535	88.406288
9	0	166	524		-1.0
9	1	166	524	REALISM,	96.611778
9	2	291	524	NATURALISM,	95.926529
9	3	466	525	MODERNISM	76.603455
9	4	637	524	1536	76.603455
10	0	165	568		-1.0
10	1	165	568	THE	96.592072
10	2	224	569	BLACK	96.428238
10	3	308	569	ARTS	96.435944
10	4	379	569	ERA	91.045166
10	5	446	568	1540	91.045166
11	0	165	613		-1.0
11	1	165	613	‘THE	88.338654
11	2	222	614	CONTEMPORARY	95.559555
11	3	432	615	PERIOD	68.455124
11	4	542	614	1551	68.455124
12	0	130	659		-1.0
12	1	130	659	PERMISSIONS	3.997467
12	2	299	659	ACKNOWLEDGMENTS	85.360138
12	3	578	659	1563	85.360138
13	0	131	702		-1.0
13	1	131	704	INDEX	96.27803
13	2	225	702	1569	96.303223
